order_product_id,order_id,product_id,order_product_snapshot_id,delivery_status,purchase_confirmed_at,delivery_completed_at,created_at,updated_at
1,106,14,85,PENDING,null,2025-03-17 21:14:02,2025-03-04 07:37:50,2025-03-04 07:37:50
2,77,24,178,DELIVERED,null,2025-03-17 00:22:16,2025-03-15 05:18:28,2025-03-15 05:18:28
3,122,28,166,PENDING,null,null,2025-03-17 07:33:30,2025-03-17 07:33:30
4,67,20,226,PENDING,2025-03-12 19:58:32,null,2025-03-11 04:26:05,2025-03-11 04:26:05
5,131,36,262,DELIVERED,null,2025-03-15 20:31:15,2025-03-07 02:38:45,2025-03-07 02:38:45
6,100,48,41,DELIVERED,null,2025-03-11 06:58:48,2025-03-08 19:11:25,2025-03-08 19:11:25
7,22,40,288,IN_TRANSIT,2025-03-09 18:41:23,null,2025-03-06 02:32:54,2025-03-06 02:32:54
8,3,48,82,PENDING,2025-03-17 03:28:12,null,2025-03-16 05:13:57,2025-03-16 05:13:57
9,21,38,59,PENDING,2025-03-15 19:07:06,null,2025-03-06 23:50:31,2025-03-06 23:50:31
10,195,42,191,IN_TRANSIT,2025-03-17 14:50:13,null,2025-03-16 04:54:28,2025-03-16 04:54:28
11,117,34,162,PENDING,2025-03-10 14:11:03,null,2025-03-08 01:30:20,2025-03-08 01:30:20
12,3,16,286,IN_TRANSIT,null,null,2025-03-10 18:05:27,2025-03-10 18:05:27
13,129,9,136,PENDING,2025-03-07 11:33:22,null,2025-03-01 04:38:42,2025-03-01 04:38:42
14,195,14,62,DELIVERED,null,2025-03-14 08:29:19,2025-03-12 21:02:19,2025-03-12 21:02:19
15,53,30,118,DELIVERED,2025-03-17 06:43:13,2025-03-16 08:26:16,2025-03-16 07:34:30,2025-03-16 07:34:30
16,199,48,47,IN_TRANSIT,2025-03-14 20:32:09,null,2025-03-13 16:27:26,2025-03-13 16:27:26
17,64,22,150,DELIVERED,2025-03-17 11:42:51,2025-03-17 19:35:04,2025-03-13 14:21:01,2025-03-13 14:21:01
18,173,25,122,PENDING,2025-03-05 18:52:29,null,2025-03-04 09:27:16,2025-03-04 09:27:16
19,119,46,173,PENDING,null,null,2025-03-12 03:07:44,2025-03-12 03:07:44
20,70,32,179,PENDING,null,null,2025-03-15 02:15:11,2025-03-15 02:15:11
21,192,2,298,IN_TRANSIT,2025-03-16 20:26:46,null,2025-03-16 15:19:07,2025-03-16 15:19:07
22,178,20,241,IN_TRANSIT,null,null,2025-03-04 03:12:28,2025-03-04 03:12:28
23,27,41,107,PENDING,null,null,2025-03-13 00:38:31,2025-03-13 00:38:31
24,59,44,91,IN_TRANSIT,2025-03-10 08:33:02,null,2025-03-09 12:38:45,2025-03-09 12:38:45
25,67,42,191,PENDING,null,null,2025-03-05 19:40:01,2025-03-05 19:40:01
26,92,14,85,DELIVERED,2025-03-15 16:44:37,2025-03-16 11:37:47,2025-03-11 02:04:27,2025-03-11 02:04:27
27,4,23,181,PENDING,null,null,2025-03-08 18:24:32,2025-03-08 18:24:32
28,120,25,44,IN_TRANSIT,null,null,2025-03-01 23:43:38,2025-03-01 23:43:38
29,12,5,212,IN_TRANSIT,null,null,2025-03-07 19:05:45,2025-03-07 19:05:45
30,23,21,251,PENDING,2025-03-15 20:12:26,null,2025-03-06 18:53:23,2025-03-06 18:53:23
31,164,19,283,PENDING,null,null,2025-03-06 14:32:18,2025-03-06 14:32:18
32,4,12,139,IN_TRANSIT,null,null,2025-03-08 21:22:06,2025-03-08 21:22:06
33,136,38,89,IN_TRANSIT,null,null,2025-03-04 14:16:29,2025-03-04 14:16:29
34,52,35,64,PENDING,null,null,2025-03-06 19:19:52,2025-03-06 19:19:52
35,122,46,84,DELIVERED,2025-03-17 05:29:17,2025-03-17 06:54:04,2025-03-16 21:43:24,2025-03-16 21:43:24
36,171,29,239,DELIVERED,2025-03-16 18:36:16,2025-03-16 02:17:44,2025-03-15 14:31:55,2025-03-15 14:31:55
37,49,33,90,IN_TRANSIT,null,null,2025-03-14 16:54:05,2025-03-14 16:54:05
38,181,37,15,IN_TRANSIT,2025-03-14 10:21:07,null,2025-03-10 17:59:57,2025-03-10 17:59:57
39,170,29,21,PENDING,null,null,2025-03-06 17:46:50,2025-03-06 17:46:50
40,167,31,149,PENDING,2025-03-17 02:01:47,null,2025-03-16 04:43:39,2025-03-16 04:43:39
41,127,19,182,DELIVERED,null,2025-03-15 05:40:44,2025-03-10 12:28:11,2025-03-10 12:28:11
42,178,18,282,IN_TRANSIT,null,null,2025-03-10 20:22:03,2025-03-10 20:22:03
43,131,45,112,DELIVERED,null,2025-03-12 09:38:01,2025-03-11 11:43:12,2025-03-11 11:43:12
44,187,38,59,IN_TRANSIT,2025-03-09 05:45:41,null,2025-03-01 18:33:00,2025-03-01 18:33:00
45,180,43,9,IN_TRANSIT,2025-03-16 15:04:08,null,2025-03-14 17:25:24,2025-03-14 17:25:24
46,90,27,104,PENDING,2025-03-11 15:41:42,null,2025-03-11 01:10:12,2025-03-11 01:10:12
47,136,29,54,PENDING,2025-03-16 08:23:07,null,2025-03-13 23:41:54,2025-03-13 23:41:54
48,13,41,161,DELIVERED,2025-03-16 03:34:59,2025-03-15 20:58:33,2025-03-15 18:53:18,2025-03-15 18:53:18
49,118,9,5,IN_TRANSIT,null,null,2025-03-14 04:56:03,2025-03-14 04:56:03
50,128,10,119,IN_TRANSIT,null,null,2025-03-09 15:57:50,2025-03-09 15:57:50
51,105,28,166,PENDING,null,null,2025-03-12 18:57:50,2025-03-12 18:57:50
52,53,14,85,DELIVERED,null,2025-03-17 11:06:18,2025-03-15 01:31:15,2025-03-15 01:31:15
53,89,48,200,PENDING,2025-03-16 01:10:57,null,2025-03-07 07:07:55,2025-03-07 07:07:55
54,35,10,119,IN_TRANSIT,null,null,2025-03-10 03:12:30,2025-03-10 03:12:30
55,165,37,135,PENDING,2025-03-16 18:11:59,null,2025-03-08 15:03:01,2025-03-08 15:03:01
56,166,20,241,PENDING,2025-03-12 19:11:52,null,2025-03-01 05:34:38,2025-03-01 05:34:38
57,128,26,158,PENDING,2025-03-10 12:33:10,null,2025-03-06 00:45:49,2025-03-06 00:45:49
58,184,5,26,DELIVERED,null,2025-03-13 06:42:32,2025-03-13 04:20:48,2025-03-13 04:20:48
59,44,1,53,DELIVERED,null,2025-03-14 15:36:07,2025-03-13 21:16:19,2025-03-13 21:16:19
60,42,24,205,IN_TRANSIT,null,null,2025-03-12 17:47:15,2025-03-12 17:47:15
61,144,33,198,DELIVERED,2025-03-07 17:39:43,2025-03-05 19:46:59,2025-03-04 16:05:29,2025-03-04 16:05:29
62,94,46,94,DELIVERED,2025-03-13 20:03:09,2025-03-17 03:04:08,2025-03-05 13:43:34,2025-03-05 13:43:34
63,88,15,274,PENDING,null,null,2025-03-14 13:23:31,2025-03-14 13:23:31
64,164,43,275,DELIVERED,null,2025-03-11 06:11:30,2025-03-03 03:08:22,2025-03-03 03:08:22
65,181,42,203,PENDING,2025-03-05 19:23:01,null,2025-03-02 13:36:49,2025-03-02 13:36:49
66,131,7,117,PENDING,2025-03-14 03:24:56,null,2025-03-02 04:06:37,2025-03-02 04:06:37
67,104,20,241,IN_TRANSIT,null,null,2025-03-11 03:18:40,2025-03-11 03:18:40
68,186,22,56,IN_TRANSIT,null,null,2025-03-10 06:21:03,2025-03-10 06:21:03
69,137,32,50,DELIVERED,2025-03-13 22:45:40,2025-03-15 17:45:45,2025-03-09 03:25:02,2025-03-09 03:25:02
70,93,25,249,IN_TRANSIT,null,null,2025-03-04 18:03:32,2025-03-04 18:03:32
71,183,15,106,IN_TRANSIT,2025-03-10 21:42:23,null,2025-03-01 01:12:02,2025-03-01 01:12:02
72,129,39,2,PENDING,null,null,2025-03-03 19:37:52,2025-03-03 19:37:52
73,133,4,114,IN_TRANSIT,null,null,2025-03-15 20:59:49,2025-03-15 20:59:49
74,130,13,199,PENDING,null,null,2025-03-15 18:15:57,2025-03-15 18:15:57
75,187,5,26,PENDING,2025-03-15 23:44:59,null,2025-03-13 23:43:52,2025-03-13 23:43:52
76,198,18,282,PENDING,2025-03-14 18:41:15,null,2025-03-13 13:16:01,2025-03-13 13:16:01
77,86,9,5,DELIVERED,2025-03-17 19:40:18,2025-03-17 19:15:40,2025-03-17 17:24:28,2025-03-17 17:24:28
78,132,6,177,DELIVERED,null,2025-03-13 22:18:46,2025-03-10 10:43:13,2025-03-10 10:43:13
79,97,42,32,IN_TRANSIT,null,null,2025-03-02 20:25:37,2025-03-02 20:25:37
80,136,35,263,IN_TRANSIT,2025-03-13 20:54:23,null,2025-03-02 23:56:38,2025-03-02 23:56:38
81,166,27,257,IN_TRANSIT,null,null,2025-03-12 01:32:52,2025-03-12 01:32:52
82,107,2,189,DELIVERED,2025-03-12 18:26:24,2025-03-06 12:07:10,2025-03-04 22:40:09,2025-03-04 22:40:09
83,16,49,146,DELIVERED,null,2025-03-16 19:35:54,2025-03-15 04:43:42,2025-03-15 04:43:42
84,116,32,192,DELIVERED,null,2025-03-13 15:22:49,2025-03-07 23:20:49,2025-03-07 23:20:49
85,4,20,226,PENDING,null,null,2025-03-06 16:23:43,2025-03-06 16:23:43
86,66,46,173,DELIVERED,null,2025-03-16 13:33:50,2025-03-16 10:43:15,2025-03-16 10:43:15
87,137,22,150,DELIVERED,2025-03-10 10:24:38,2025-03-09 08:49:24,2025-03-09 08:28:32,2025-03-09 08:28:32
88,122,14,102,IN_TRANSIT,null,null,2025-03-01 10:06:08,2025-03-01 10:06:08
89,152,13,76,IN_TRANSIT,2025-03-12 18:03:50,null,2025-03-06 15:05:39,2025-03-06 15:05:39
90,42,20,226,IN_TRANSIT,null,null,2025-03-14 04:09:19,2025-03-14 04:09:19
91,148,17,81,DELIVERED,null,2025-03-16 03:41:22,2025-03-06 01:36:25,2025-03-06 01:36:25
92,15,39,79,PENDING,2025-03-13 06:21:11,null,2025-03-02 03:28:30,2025-03-02 03:28:30
93,196,50,259,PENDING,2025-03-17 05:00:46,null,2025-03-16 13:35:47,2025-03-16 13:35:47
94,155,43,275,PENDING,null,null,2025-03-07 21:03:03,2025-03-07 21:03:03
95,108,7,117,IN_TRANSIT,2025-03-04 22:51:43,null,2025-03-01 01:36:03,2025-03-01 01:36:03
96,169,23,129,DELIVERED,2025-03-17 02:48:59,2025-03-11 20:38:08,2025-03-04 15:18:02,2025-03-04 15:18:02
97,188,29,96,IN_TRANSIT,null,null,2025-03-06 10:49:04,2025-03-06 10:49:04
98,131,20,241,IN_TRANSIT,2025-03-17 07:06:29,null,2025-03-05 17:51:04,2025-03-05 17:51:04
99,60,43,160,PENDING,null,null,2025-03-14 07:12:53,2025-03-14 07:12:53
100,32,23,289,IN_TRANSIT,null,null,2025-03-06 19:46:10,2025-03-06 19:46:10
101,152,36,262,PENDING,null,null,2025-03-10 01:39:54,2025-03-10 01:39:54
102,155,3,168,IN_TRANSIT,null,null,2025-03-14 20:45:18,2025-03-14 20:45:18
103,128,5,253,DELIVERED,null,2025-03-16 19:45:50,2025-03-15 22:20:36,2025-03-15 22:20:36
104,41,3,3,PENDING,2025-03-14 23:11:45,null,2025-03-14 14:04:17,2025-03-14 14:04:17
105,119,40,116,DELIVERED,null,2025-03-17 10:36:45,2025-03-10 19:46:29,2025-03-10 19:46:29
106,151,13,76,IN_TRANSIT,null,null,2025-03-15 08:25:01,2025-03-15 08:25:01
107,173,46,37,IN_TRANSIT,2025-03-13 01:42:17,null,2025-03-06 21:17:13,2025-03-06 21:17:13
108,51,42,203,IN_TRANSIT,null,null,2025-03-11 06:15:26,2025-03-11 06:15:26
109,114,9,5,PENDING,2025-03-07 01:04:11,null,2025-03-04 17:02:12,2025-03-04 17:02:12
110,130,33,86,PENDING,null,null,2025-03-05 12:40:21,2025-03-05 12:40:21
111,54,47,145,PENDING,2025-03-13 15:15:12,null,2025-03-02 04:08:09,2025-03-02 04:08:09
112,94,49,250,IN_TRANSIT,2025-03-16 00:43:27,null,2025-03-09 14:07:35,2025-03-09 14:07:35
113,141,46,84,PENDING,null,null,2025-03-03 17:38:57,2025-03-03 17:38:57
114,174,10,16,IN_TRANSIT,2025-03-11 07:23:22,null,2025-03-01 00:07:11,2025-03-01 00:07:11
115,111,27,104,IN_TRANSIT,2025-03-11 09:32:39,null,2025-03-10 01:00:32,2025-03-10 01:00:32
116,11,13,76,PENDING,2025-03-10 17:42:04,null,2025-03-10 11:18:28,2025-03-10 11:18:28
117,42,5,26,PENDING,2025-03-17 05:21:26,null,2025-03-12 00:22:13,2025-03-12 00:22:13
118,170,27,101,PENDING,null,null,2025-03-03 16:44:26,2025-03-03 16:44:26
119,50,1,43,DELIVERED,2025-03-07 20:01:46,2025-03-11 01:15:54,2025-03-01 19:52:36,2025-03-01 19:52:36
120,77,23,244,IN_TRANSIT,2025-03-12 19:15:51,null,2025-03-12 16:43:41,2025-03-12 16:43:41
121,71,29,54,IN_TRANSIT,null,null,2025-03-04 20:57:39,2025-03-04 20:57:39
122,60,39,78,DELIVERED,null,2025-03-14 19:10:49,2025-03-06 10:32:44,2025-03-06 10:32:44
123,174,12,222,DELIVERED,null,2025-03-06 03:23:59,2025-03-03 14:17:47,2025-03-03 14:17:47
124,69,40,116,DELIVERED,2025-03-15 14:09:11,2025-03-14 12:55:10,2025-03-13 06:50:36,2025-03-13 06:50:36
125,168,13,48,DELIVERED,null,2025-03-14 22:55:46,2025-03-05 13:02:24,2025-03-05 13:02:24
126,75,36,34,DELIVERED,null,2025-03-15 14:58:06,2025-03-15 08:19:28,2025-03-15 08:19:28
127,162,4,42,DELIVERED,null,2025-03-09 13:03:52,2025-03-05 17:27:45,2025-03-05 17:27:45
128,37,45,264,PENDING,2025-03-13 16:30:43,null,2025-03-10 05:21:59,2025-03-10 05:21:59
129,14,10,154,PENDING,2025-03-07 13:51:37,null,2025-03-03 02:43:15,2025-03-03 02:43:15
130,92,29,21,PENDING,null,null,2025-03-01 11:56:00,2025-03-01 11:56:00
131,146,31,229,PENDING,null,null,2025-03-11 11:23:23,2025-03-11 11:23:23
132,191,29,239,IN_TRANSIT,null,null,2025-03-12 19:20:27,2025-03-12 19:20:27
133,86,17,81,IN_TRANSIT,2025-03-13 06:19:07,null,2025-03-08 05:58:11,2025-03-08 05:58:11
134,178,17,120,DELIVERED,2025-03-16 01:33:45,2025-03-13 10:28:56,2025-03-11 16:21:20,2025-03-11 16:21:20
135,15,48,17,PENDING,null,null,2025-03-10 11:36:51,2025-03-10 11:36:51
136,98,35,64,DELIVERED,2025-03-13 20:04:51,2025-03-16 07:23:45,2025-03-11 10:04:54,2025-03-11 10:04:54
137,59,23,244,DELIVERED,null,2025-03-07 16:46:45,2025-03-03 21:50:10,2025-03-03 21:50:10
138,160,12,215,PENDING,null,null,2025-03-11 01:54:41,2025-03-11 01:54:41
139,13,7,117,DELIVERED,2025-03-14 17:34:53,2025-03-11 03:09:09,2025-03-06 15:24:02,2025-03-06 15:24:02
140,172,45,31,IN_TRANSIT,null,null,2025-03-14 18:48:29,2025-03-14 18:48:29
141,140,44,91,PENDING,null,null,2025-03-08 12:15:45,2025-03-08 12:15:45
142,116,50,259,PENDING,null,null,2025-03-04 01:07:48,2025-03-04 01:07:48
143,54,19,182,PENDING,null,null,2025-03-06 22:51:06,2025-03-06 22:51:06
144,144,15,46,PENDING,2025-03-16 16:12:00,null,2025-03-12 21:04:10,2025-03-12 21:04:10
145,149,25,249,IN_TRANSIT,2025-03-06 16:01:15,null,2025-03-01 17:43:26,2025-03-01 17:43:26
146,88,39,79,PENDING,2025-03-12 10:18:37,null,2025-03-02 06:31:35,2025-03-02 06:31:35
147,174,35,247,DELIVERED,2025-03-08 22:33:37,2025-03-14 19:35:34,2025-03-05 06:04:35,2025-03-05 06:04:35
148,100,1,99,PENDING,2025-03-12 14:58:17,null,2025-03-05 11:57:11,2025-03-05 11:57:11
149,170,44,172,PENDING,2025-03-16 06:43:07,null,2025-03-13 16:52:13,2025-03-13 16:52:13
150,165,30,100,PENDING,2025-03-17 12:32:24,null,2025-03-16 23:31:53,2025-03-16 23:31:53
151,83,29,54,IN_TRANSIT,2025-03-11 08:49:20,null,2025-03-05 10:13:40,2025-03-05 10:13:40
152,42,3,143,DELIVERED,2025-03-06 09:51:09,2025-03-11 15:11:57,2025-03-04 06:00:57,2025-03-04 06:00:57
153,14,33,55,PENDING,2025-03-12 18:29:43,null,2025-03-09 17:32:19,2025-03-09 17:32:19
154,63,41,95,PENDING,2025-03-17 20:08:08,null,2025-03-10 06:58:26,2025-03-10 06:58:26
155,36,39,185,DELIVERED,null,2025-03-14 23:05:32,2025-03-01 09:10:47,2025-03-01 09:10:47
156,142,17,81,PENDING,2025-03-17 13:06:29,null,2025-03-11 21:46:22,2025-03-11 21:46:22
157,54,12,215,IN_TRANSIT,2025-03-16 15:34:25,null,2025-03-15 15:24:00,2025-03-15 15:24:00
158,175,38,140,PENDING,2025-03-06 22:55:43,null,2025-03-01 15:42:05,2025-03-01 15:42:05
159,93,49,75,PENDING,2025-03-17 11:53:00,null,2025-03-16 05:32:32,2025-03-16 05:32:32
160,55,21,251,DELIVERED,null,2025-03-17 10:30:47,2025-03-17 08:35:45,2025-03-17 08:35:45
161,160,18,223,DELIVERED,2025-03-16 08:47:51,2025-03-16 18:42:18,2025-03-16 05:56:13,2025-03-16 05:56:13
162,78,41,95,PENDING,2025-03-14 12:38:37,null,2025-03-12 14:14:01,2025-03-12 14:14:01
163,26,46,37,PENDING,2025-03-16 04:54:06,null,2025-03-14 09:44:34,2025-03-14 09:44:34
164,170,20,241,IN_TRANSIT,null,null,2025-03-05 05:10:10,2025-03-05 05:10:10
165,73,5,212,DELIVERED,2025-03-13 06:40:30,2025-03-11 07:04:10,2025-03-08 23:44:12,2025-03-08 23:44:12
166,6,1,43,DELIVERED,2025-03-12 17:42:45,2025-03-10 09:36:06,2025-03-01 09:56:31,2025-03-01 09:56:31
167,86,47,141,DELIVERED,2025-03-10 01:49:10,2025-03-08 02:00:37,2025-03-02 21:22:30,2025-03-02 21:22:30
168,24,21,251,DELIVERED,2025-03-17 10:55:38,2025-03-16 05:01:13,2025-03-14 23:30:46,2025-03-14 23:30:46
169,110,44,33,DELIVERED,null,2025-03-14 00:17:02,2025-03-06 05:56:26,2025-03-06 05:56:26
170,35,18,254,DELIVERED,2025-03-09 06:10:26,2025-03-07 07:58:26,2025-03-05 03:42:26,2025-03-05 03:42:26
171,105,31,229,PENDING,null,null,2025-03-07 00:12:54,2025-03-07 00:12:54
172,140,29,54,IN_TRANSIT,null,null,2025-03-16 12:13:42,2025-03-16 12:13:42
173,136,17,81,DELIVERED,2025-03-14 20:13:18,2025-03-09 22:08:52,2025-03-04 08:01:32,2025-03-04 08:01:32
174,33,5,26,DELIVERED,2025-03-13 11:33:51,2025-03-15 20:55:07,2025-03-11 16:54:12,2025-03-11 16:54:12
175,126,19,74,IN_TRANSIT,2025-03-13 11:30:39,null,2025-03-04 01:36:00,2025-03-04 01:36:00
176,34,33,55,IN_TRANSIT,null,null,2025-03-03 02:55:50,2025-03-03 02:55:50
177,22,11,187,IN_TRANSIT,null,null,2025-03-07 01:34:00,2025-03-07 01:34:00
178,146,41,161,PENDING,2025-03-16 03:47:57,null,2025-03-12 13:38:50,2025-03-12 13:38:50
179,30,14,62,PENDING,2025-03-15 10:08:34,null,2025-03-14 13:08:32,2025-03-14 13:08:32
180,150,7,151,PENDING,null,null,2025-03-11 22:23:22,2025-03-11 22:23:22
181,167,27,213,DELIVERED,2025-03-09 12:53:27,2025-03-08 02:26:21,2025-03-04 10:48:26,2025-03-04 10:48:26
182,98,23,129,PENDING,null,null,2025-03-11 23:57:37,2025-03-11 23:57:37
183,39,11,111,IN_TRANSIT,null,null,2025-03-17 09:33:26,2025-03-17 09:33:26
184,122,13,48,PENDING,null,null,2025-03-15 05:16:03,2025-03-15 05:16:03
185,91,18,296,PENDING,null,null,2025-03-12 14:43:11,2025-03-12 14:43:11
186,91,10,211,PENDING,2025-03-17 19:02:17,null,2025-03-17 17:42:50,2025-03-17 17:42:50
187,28,43,265,PENDING,2025-03-13 13:31:08,null,2025-03-11 13:20:46,2025-03-11 13:20:46
188,127,42,203,PENDING,2025-03-17 06:30:58,null,2025-03-14 13:41:53,2025-03-14 13:41:53
189,101,14,88,DELIVERED,2025-03-17 07:56:29,2025-03-11 06:26:37,2025-03-04 03:02:43,2025-03-04 03:02:43
190,19,18,296,DELIVERED,null,2025-03-16 18:41:20,2025-03-16 15:48:02,2025-03-16 15:48:02
191,122,37,278,IN_TRANSIT,null,null,2025-03-01 09:39:57,2025-03-01 09:39:57
192,165,8,11,PENDING,2025-03-16 20:13:11,null,2025-03-04 22:04:44,2025-03-04 22:04:44
193,163,35,208,PENDING,null,null,2025-03-17 19:41:19,2025-03-17 19:41:19
194,84,45,49,IN_TRANSIT,2025-03-17 20:11:04,null,2025-03-13 08:09:56,2025-03-13 08:09:56
195,16,28,166,PENDING,2025-03-15 21:23:34,null,2025-03-11 21:31:49,2025-03-11 21:31:49
196,113,7,117,IN_TRANSIT,2025-03-17 16:33:30,null,2025-03-16 11:55:47,2025-03-16 11:55:47
197,80,25,291,IN_TRANSIT,2025-03-12 11:23:49,null,2025-03-05 08:07:09,2025-03-05 08:07:09
198,197,47,141,IN_TRANSIT,null,null,2025-03-15 04:43:59,2025-03-15 04:43:59
199,50,38,113,PENDING,null,null,2025-03-05 18:44:43,2025-03-05 18:44:43
200,9,43,246,DELIVERED,null,2025-03-15 05:42:28,2025-03-11 03:37:34,2025-03-11 03:37:34
201,139,22,150,DELIVERED,2025-03-10 14:38:19,2025-03-09 13:01:40,2025-03-08 05:41:38,2025-03-08 05:41:38
202,104,2,180,DELIVERED,2025-03-10 09:14:22,2025-03-11 13:01:19,2025-03-10 02:14:52,2025-03-10 02:14:52
203,40,12,139,IN_TRANSIT,null,null,2025-03-11 16:23:29,2025-03-11 16:23:29
204,166,33,86,PENDING,2025-03-16 22:37:14,null,2025-03-11 04:06:21,2025-03-11 04:06:21
205,166,12,139,DELIVERED,null,2025-03-16 22:00:08,2025-03-13 02:23:46,2025-03-13 02:23:46
206,179,6,280,PENDING,null,null,2025-03-14 11:53:16,2025-03-14 11:53:16
207,188,14,45,PENDING,2025-03-12 11:19:40,null,2025-03-11 05:15:30,2025-03-11 05:15:30
208,131,42,203,PENDING,null,null,2025-03-14 21:39:18,2025-03-14 21:39:18
209,151,20,226,PENDING,2025-03-16 21:31:48,null,2025-03-05 05:33:30,2025-03-05 05:33:30
210,146,35,152,PENDING,null,null,2025-03-03 08:29:36,2025-03-03 08:29:36
211,76,50,295,IN_TRANSIT,2025-03-15 02:40:36,null,2025-03-13 21:40:50,2025-03-13 21:40:50
212,38,15,274,PENDING,null,null,2025-03-16 18:45:26,2025-03-16 18:45:26
213,94,42,32,PENDING,2025-03-16 23:09:21,null,2025-03-09 07:10:41,2025-03-09 07:10:41
214,70,31,174,IN_TRANSIT,null,null,2025-03-17 01:05:05,2025-03-17 01:05:05
215,52,36,34,DELIVERED,2025-03-17 00:55:44,2025-03-16 02:32:50,2025-03-15 22:53:28,2025-03-15 22:53:28
216,163,36,7,DELIVERED,2025-03-13 19:33:45,2025-03-11 11:36:40,2025-03-10 01:40:03,2025-03-10 01:40:03
217,111,5,26,DELIVERED,null,2025-03-15 12:55:47,2025-03-11 04:22:27,2025-03-11 04:22:27
218,14,6,8,DELIVERED,2025-03-16 10:18:39,2025-03-14 06:53:57,2025-03-06 16:34:59,2025-03-06 16:34:59
219,64,38,59,PENDING,null,null,2025-03-01 13:36:31,2025-03-01 13:36:31
220,47,19,72,IN_TRANSIT,2025-03-10 00:42:15,null,2025-03-03 03:24:57,2025-03-03 03:24:57
221,69,13,76,DELIVERED,null,2025-03-10 04:02:01,2025-03-05 16:40:37,2025-03-05 16:40:37
222,93,34,162,PENDING,2025-03-15 19:19:52,null,2025-03-03 09:22:50,2025-03-03 09:22:50
223,2,6,8,PENDING,2025-03-17 07:22:05,null,2025-03-15 21:28:00,2025-03-15 21:28:00
224,51,46,132,DELIVERED,2025-03-16 09:02:03,2025-03-14 08:27:17,2025-03-14 07:53:57,2025-03-14 07:53:57
225,14,43,275,PENDING,2025-03-11 18:01:06,null,2025-03-05 10:01:05,2025-03-05 10:01:05
226,200,20,226,DELIVERED,null,2025-03-01 23:20:17,2025-03-01 16:35:01,2025-03-01 16:35:01
227,163,46,6,DELIVERED,2025-03-16 16:47:49,2025-03-17 05:37:56,2025-03-15 17:08:49,2025-03-15 17:08:49
228,178,49,195,PENDING,null,null,2025-03-03 06:09:44,2025-03-03 06:09:44
229,121,25,291,PENDING,2025-03-05 16:11:54,null,2025-03-04 07:44:41,2025-03-04 07:44:41
230,89,15,106,IN_TRANSIT,2025-03-16 02:41:34,null,2025-03-10 13:34:19,2025-03-10 13:34:19
231,20,33,55,DELIVERED,null,2025-03-17 13:39:39,2025-03-17 12:32:56,2025-03-17 12:32:56
232,27,37,135,DELIVERED,null,2025-03-16 14:17:58,2025-03-07 18:15:26,2025-03-07 18:15:26
233,136,19,163,PENDING,null,null,2025-03-11 12:55:26,2025-03-11 12:55:26
234,119,44,172,PENDING,null,null,2025-03-03 03:25:54,2025-03-03 03:25:54
235,155,39,78,PENDING,null,null,2025-03-04 23:30:02,2025-03-04 23:30:02
236,3,42,87,IN_TRANSIT,null,null,2025-03-05 09:39:30,2025-03-05 09:39:30
237,112,11,187,DELIVERED,null,2025-03-07 14:08:05,2025-03-07 06:32:12,2025-03-07 06:32:12
238,17,25,249,DELIVERED,null,2025-03-14 14:53:55,2025-03-14 09:37:49,2025-03-14 09:37:49
239,155,48,82,DELIVERED,null,2025-03-12 18:42:11,2025-03-11 16:29:07,2025-03-11 16:29:07
240,145,28,218,DELIVERED,2025-03-17 14:56:19,2025-03-16 11:58:28,2025-03-16 02:43:41,2025-03-16 02:43:41
241,3,3,108,IN_TRANSIT,2025-03-13 13:52:06,null,2025-03-10 05:08:38,2025-03-10 05:08:38
242,179,1,285,DELIVERED,null,2025-03-16 07:04:54,2025-03-15 20:07:02,2025-03-15 20:07:02
243,179,32,1,IN_TRANSIT,null,null,2025-03-11 22:13:31,2025-03-11 22:13:31
244,195,40,116,IN_TRANSIT,null,null,2025-03-10 03:57:20,2025-03-10 03:57:20
245,107,46,94,PENDING,null,null,2025-03-05 03:03:19,2025-03-05 03:03:19
246,46,19,209,PENDING,2025-03-13 18:29:01,null,2025-03-13 15:48:53,2025-03-13 15:48:53
247,19,7,153,IN_TRANSIT,null,null,2025-03-11 00:39:46,2025-03-11 00:39:46
248,29,49,146,PENDING,2025-03-11 10:47:49,null,2025-03-06 18:01:05,2025-03-06 18:01:05
249,47,12,139,PENDING,null,null,2025-03-10 13:59:37,2025-03-10 13:59:37
250,136,4,188,DELIVERED,2025-03-13 20:45:29,2025-03-13 01:50:58,2025-03-07 08:06:11,2025-03-07 08:06:11
251,21,43,246,DELIVERED,2025-03-06 21:22:06,2025-03-07 04:57:42,2025-03-02 04:18:36,2025-03-02 04:18:36
252,194,46,173,DELIVERED,2025-03-07 09:25:42,2025-03-08 01:18:33,2025-03-03 11:57:33,2025-03-03 11:57:33
253,39,1,99,PENDING,null,null,2025-03-13 22:59:59,2025-03-13 22:59:59
254,24,17,120,DELIVERED,2025-03-17 04:25:37,2025-03-17 16:14:33,2025-03-16 10:27:21,2025-03-16 10:27:21
255,6,43,265,PENDING,2025-03-16 16:23:31,null,2025-03-16 05:41:38,2025-03-16 05:41:38
256,112,43,12,DELIVERED,2025-03-17 11:22:06,2025-03-16 23:51:33,2025-03-16 03:17:05,2025-03-16 03:17:05
257,168,14,88,DELIVERED,null,2025-03-17 19:55:17,2025-03-09 05:45:59,2025-03-09 05:45:59
258,76,46,27,PENDING,2025-03-15 13:47:03,null,2025-03-13 20:51:12,2025-03-13 20:51:12
259,113,46,37,DELIVERED,2025-03-16 08:14:08,2025-03-16 08:26:18,2025-03-14 19:13:07,2025-03-14 19:13:07
260,176,4,114,IN_TRANSIT,null,null,2025-03-08 22:59:51,2025-03-08 22:59:51
261,53,40,116,IN_TRANSIT,null,null,2025-03-08 21:52:54,2025-03-08 21:52:54
262,200,34,248,IN_TRANSIT,2025-03-17 02:30:39,null,2025-03-14 21:44:08,2025-03-14 21:44:08
263,60,36,58,IN_TRANSIT,2025-03-14 14:37:43,null,2025-03-12 23:39:12,2025-03-12 23:39:12
264,160,29,54,IN_TRANSIT,null,null,2025-03-15 10:27:35,2025-03-15 10:27:35
265,193,42,32,PENDING,2025-03-16 20:53:16,null,2025-03-11 09:48:29,2025-03-11 09:48:29
266,16,24,205,PENDING,null,null,2025-03-01 19:13:55,2025-03-01 19:13:55
267,149,19,209,DELIVERED,null,2025-03-14 19:52:52,2025-03-14 14:47:07,2025-03-14 14:47:07
268,108,16,97,DELIVERED,2025-03-05 03:25:53,2025-03-15 23:44:16,2025-03-01 20:52:06,2025-03-01 20:52:06
269,65,21,251,IN_TRANSIT,2025-03-16 15:48:06,null,2025-03-14 14:41:55,2025-03-14 14:41:55
270,136,2,236,IN_TRANSIT,2025-03-14 22:41:08,null,2025-03-08 21:26:14,2025-03-08 21:26:14
271,161,27,252,DELIVERED,null,2025-03-13 01:04:32,2025-03-12 02:08:49,2025-03-12 02:08:49
272,24,29,183,DELIVERED,null,2025-03-12 11:03:02,2025-03-12 07:34:39,2025-03-12 07:34:39
273,47,33,272,IN_TRANSIT,2025-03-07 02:50:10,null,2025-03-05 18:04:03,2025-03-05 18:04:03
274,180,29,183,PENDING,2025-03-12 01:23:37,null,2025-03-11 05:30:03,2025-03-11 05:30:03
275,183,6,8,IN_TRANSIT,null,null,2025-03-17 00:09:21,2025-03-17 00:09:21
276,144,44,33,DELIVERED,null,2025-03-13 12:48:25,2025-03-06 17:47:50,2025-03-06 17:47:50
277,95,18,300,PENDING,null,null,2025-03-01 03:31:17,2025-03-01 03:31:17
278,23,32,68,IN_TRANSIT,null,null,2025-03-04 05:33:12,2025-03-04 05:33:12
279,43,45,49,IN_TRANSIT,null,null,2025-03-03 13:48:48,2025-03-03 13:48:48
280,32,28,232,DELIVERED,2025-03-15 21:37:18,2025-03-07 05:55:25,2025-03-03 19:52:18,2025-03-03 19:52:18
281,35,50,292,DELIVERED,2025-03-17 09:32:56,2025-03-17 15:33:52,2025-03-15 02:21:35,2025-03-15 02:21:35
282,150,32,1,PENDING,2025-03-12 19:03:59,null,2025-03-12 09:27:04,2025-03-12 09:27:04
283,49,48,47,DELIVERED,2025-03-07 12:42:43,2025-03-10 10:35:10,2025-03-01 08:37:00,2025-03-01 08:37:00
284,199,12,144,PENDING,2025-03-06 09:47:05,null,2025-03-01 13:35:11,2025-03-01 13:35:11
285,18,13,48,IN_TRANSIT,2025-03-13 04:27:15,null,2025-03-09 10:25:55,2025-03-09 10:25:55
286,64,28,77,IN_TRANSIT,2025-03-15 00:12:34,null,2025-03-11 10:56:49,2025-03-11 10:56:49
287,98,10,211,IN_TRANSIT,null,null,2025-03-16 02:29:16,2025-03-16 02:29:16
288,87,38,133,DELIVERED,2025-03-13 22:09:51,2025-03-14 02:12:11,2025-03-09 11:07:55,2025-03-09 11:07:55
289,91,32,179,PENDING,null,null,2025-03-05 21:09:37,2025-03-05 21:09:37
290,56,41,159,IN_TRANSIT,null,null,2025-03-01 15:01:52,2025-03-01 15:01:52
291,45,23,128,PENDING,2025-03-11 16:04:33,null,2025-03-03 08:48:11,2025-03-03 08:48:11
292,165,9,5,PENDING,null,null,2025-03-06 15:11:22,2025-03-06 15:11:22
293,162,31,174,DELIVERED,null,2025-03-17 12:44:23,2025-03-05 03:34:37,2025-03-05 03:34:37
294,180,7,117,IN_TRANSIT,2025-03-14 17:54:25,null,2025-03-13 20:45:24,2025-03-13 20:45:24
295,113,38,113,IN_TRANSIT,2025-03-16 13:21:15,null,2025-03-11 12:04:12,2025-03-11 12:04:12
296,81,37,278,DELIVERED,null,2025-03-17 07:43:26,2025-03-17 01:04:35,2025-03-17 01:04:35
297,13,44,91,DELIVERED,2025-03-16 05:15:38,2025-03-09 11:42:06,2025-03-04 11:51:39,2025-03-04 11:51:39
298,141,33,86,DELIVERED,2025-03-05 10:20:42,2025-03-12 19:46:17,2025-03-03 04:12:53,2025-03-03 04:12:53
299,189,45,276,PENDING,null,null,2025-03-07 12:53:35,2025-03-07 12:53:35
300,32,25,44,PENDING,2025-03-11 15:51:55,null,2025-03-07 19:08:58,2025-03-07 19:08:58
301,111,18,273,DELIVERED,2025-03-17 17:13:08,2025-03-17 00:56:30,2025-03-16 16:44:54,2025-03-16 16:44:54
302,74,15,207,IN_TRANSIT,2025-03-16 13:36:22,null,2025-03-05 11:19:20,2025-03-05 11:19:20
303,10,8,231,PENDING,null,null,2025-03-13 12:44:05,2025-03-13 12:44:05
304,42,40,116,DELIVERED,2025-03-11 15:39:25,2025-03-13 11:25:02,2025-03-03 06:21:57,2025-03-03 06:21:57
305,98,29,54,DELIVERED,null,2025-03-15 21:41:39,2025-03-13 10:46:06,2025-03-13 10:46:06
306,1,32,68,PENDING,null,null,2025-03-04 08:18:26,2025-03-04 08:18:26
307,143,24,73,IN_TRANSIT,2025-03-14 04:38:00,null,2025-03-04 12:59:19,2025-03-04 12:59:19
308,86,28,232,DELIVERED,null,2025-03-17 16:34:50,2025-03-17 15:46:01,2025-03-17 15:46:01
309,90,45,276,PENDING,null,null,2025-03-07 19:32:09,2025-03-07 19:32:09
310,104,7,151,IN_TRANSIT,2025-03-17 19:40:10,null,2025-03-17 19:23:58,2025-03-17 19:23:58
311,70,25,225,PENDING,2025-03-12 23:44:22,null,2025-03-03 00:32:04,2025-03-03 00:32:04
312,59,2,236,IN_TRANSIT,2025-03-05 08:19:12,null,2025-03-02 23:19:42,2025-03-02 23:19:42
313,120,36,34,DELIVERED,2025-03-06 02:28:24,2025-03-17 02:42:32,2025-03-03 13:57:11,2025-03-03 13:57:11
314,196,13,258,DELIVERED,2025-03-08 05:48:21,2025-03-13 08:36:19,2025-03-02 05:46:07,2025-03-02 05:46:07
315,173,11,111,IN_TRANSIT,null,null,2025-03-06 22:10:32,2025-03-06 22:10:32
316,166,44,172,DELIVERED,2025-03-13 06:12:54,2025-03-12 02:36:29,2025-03-08 13:33:43,2025-03-08 13:33:43
317,73,8,167,DELIVERED,2025-03-08 07:06:17,2025-03-08 10:26:06,2025-03-04 08:20:17,2025-03-04 08:20:17
318,86,27,257,IN_TRANSIT,null,null,2025-03-08 02:40:23,2025-03-08 02:40:23
319,76,5,26,PENDING,null,null,2025-03-12 08:27:07,2025-03-12 08:27:07
320,25,8,123,PENDING,null,null,2025-03-01 19:56:03,2025-03-01 19:56:03
321,148,18,30,PENDING,2025-03-17 04:14:01,null,2025-03-15 16:04:05,2025-03-15 16:04:05
322,154,13,76,DELIVERED,2025-03-13 06:29:42,2025-03-11 02:46:46,2025-03-09 20:15:02,2025-03-09 20:15:02
323,157,41,35,DELIVERED,2025-03-06 21:49:38,2025-03-10 23:12:44,2025-03-04 21:03:46,2025-03-04 21:03:46
324,161,46,84,IN_TRANSIT,2025-03-17 03:12:57,null,2025-03-04 11:56:33,2025-03-04 11:56:33
325,2,33,86,DELIVERED,null,2025-03-16 08:59:04,2025-03-08 23:32:10,2025-03-08 23:32:10
326,125,11,235,PENDING,2025-03-17 09:46:57,null,2025-03-11 23:08:55,2025-03-11 23:08:55
327,69,19,98,PENDING,null,null,2025-03-06 14:36:31,2025-03-06 14:36:31
328,119,30,23,DELIVERED,2025-03-15 07:24:19,2025-03-14 14:18:11,2025-03-13 13:29:20,2025-03-13 13:29:20
329,187,12,144,IN_TRANSIT,2025-03-17 05:21:11,null,2025-03-05 16:03:41,2025-03-05 16:03:41
330,194,42,191,IN_TRANSIT,null,null,2025-03-06 09:38:12,2025-03-06 09:38:12
331,179,48,41,PENDING,2025-03-17 08:20:06,null,2025-03-16 21:36:31,2025-03-16 21:36:31
332,165,13,76,PENDING,2025-03-05 12:16:53,null,2025-03-01 16:20:40,2025-03-01 16:20:40
333,106,32,1,DELIVERED,2025-03-16 18:57:04,2025-03-13 21:17:28,2025-03-13 02:04:21,2025-03-13 02:04:21
334,85,2,266,IN_TRANSIT,null,null,2025-03-02 13:16:26,2025-03-02 13:16:26
335,155,6,177,PENDING,2025-03-14 10:55:24,null,2025-03-10 18:19:22,2025-03-10 18:19:22
336,200,33,272,PENDING,2025-03-05 19:39:35,null,2025-03-03 17:58:39,2025-03-03 17:58:39
337,29,15,207,DELIVERED,null,2025-03-13 15:02:21,2025-03-10 14:20:58,2025-03-10 14:20:58
338,131,11,111,PENDING,2025-03-17 16:41:20,null,2025-03-05 10:26:13,2025-03-05 10:26:13
339,186,24,73,PENDING,null,null,2025-03-01 15:25:15,2025-03-01 15:25:15
340,125,14,88,PENDING,2025-03-15 05:02:12,null,2025-03-14 11:05:09,2025-03-14 11:05:09
341,137,36,7,IN_TRANSIT,null,null,2025-03-07 10:45:20,2025-03-07 10:45:20
342,44,23,128,DELIVERED,2025-03-09 20:52:22,2025-03-11 11:49:24,2025-03-08 11:21:14,2025-03-08 11:21:14
343,187,9,148,IN_TRANSIT,2025-03-15 21:24:58,null,2025-03-13 23:14:37,2025-03-13 23:14:37
344,113,25,225,DELIVERED,null,2025-03-16 22:55:41,2025-03-14 09:23:30,2025-03-14 09:23:30
345,147,15,277,IN_TRANSIT,null,null,2025-03-15 15:24:43,2025-03-15 15:24:43
346,16,4,69,PENDING,2025-03-17 03:12:58,null,2025-03-16 17:30:39,2025-03-16 17:30:39
347,43,49,146,PENDING,2025-03-15 06:55:58,null,2025-03-13 11:06:38,2025-03-13 11:06:38
348,191,16,214,DELIVERED,2025-03-03 20:10:23,2025-03-15 23:50:30,2025-03-03 16:10:44,2025-03-03 16:10:44
349,119,21,251,DELIVERED,2025-03-14 15:18:42,2025-03-11 17:33:56,2025-03-10 03:37:39,2025-03-10 03:37:39
350,190,26,52,IN_TRANSIT,null,null,2025-03-12 17:17:12,2025-03-12 17:17:12
351,6,45,276,PENDING,2025-03-08 08:47:51,null,2025-03-03 23:26:17,2025-03-03 23:26:17
352,70,13,258,IN_TRANSIT,2025-03-16 02:13:13,null,2025-03-07 15:42:33,2025-03-07 15:42:33
353,127,18,254,IN_TRANSIT,2025-03-16 19:16:14,null,2025-03-01 04:05:29,2025-03-01 04:05:29
354,33,8,13,IN_TRANSIT,2025-03-15 16:06:08,null,2025-03-07 09:26:24,2025-03-07 09:26:24
355,29,39,2,PENDING,null,null,2025-03-13 13:48:18,2025-03-13 13:48:18
356,192,46,94,IN_TRANSIT,null,null,2025-03-11 16:51:12,2025-03-11 16:51:12
357,164,6,8,PENDING,null,null,2025-03-07 17:09:17,2025-03-07 17:09:17
358,126,33,80,PENDING,null,null,2025-03-09 16:05:25,2025-03-09 16:05:25
359,149,35,208,PENDING,2025-03-12 07:08:42,null,2025-03-10 16:56:50,2025-03-10 16:56:50
360,3,40,288,IN_TRANSIT,2025-03-11 23:43:11,null,2025-03-06 00:31:08,2025-03-06 00:31:08
361,156,41,107,IN_TRANSIT,2025-03-15 04:11:25,null,2025-03-13 22:22:54,2025-03-13 22:22:54
362,41,8,190,IN_TRANSIT,2025-03-14 04:05:21,null,2025-03-09 04:59:03,2025-03-09 04:59:03
363,21,30,118,IN_TRANSIT,2025-03-17 19:53:11,null,2025-03-15 11:24:12,2025-03-15 11:24:12
364,179,3,256,DELIVERED,2025-03-09 10:00:13,2025-03-09 22:14:09,2025-03-03 23:02:26,2025-03-03 23:02:26
365,151,18,254,IN_TRANSIT,2025-03-17 04:06:39,null,2025-03-17 01:51:00,2025-03-17 01:51:00
366,18,6,175,DELIVERED,null,2025-03-12 15:49:00,2025-03-11 20:18:04,2025-03-11 20:18:04
367,94,18,282,DELIVERED,2025-03-17 17:31:36,2025-03-17 16:39:57,2025-03-17 06:44:44,2025-03-17 06:44:44
368,29,10,211,PENDING,null,null,2025-03-02 18:09:21,2025-03-02 18:09:21
369,43,41,107,DELIVERED,null,2025-03-03 15:21:13,2025-03-02 21:37:58,2025-03-02 21:37:58
370,121,18,126,DELIVERED,null,2025-03-05 21:17:23,2025-03-03 22:25:40,2025-03-03 22:25:40
371,145,30,169,DELIVERED,null,2025-03-05 19:39:29,2025-03-01 16:31:35,2025-03-01 16:31:35
372,140,1,201,PENDING,2025-03-10 09:10:42,null,2025-03-05 22:35:31,2025-03-05 22:35:31
373,28,37,65,DELIVERED,null,2025-03-12 21:04:50,2025-03-08 19:15:35,2025-03-08 19:15:35
374,144,31,20,PENDING,null,null,2025-03-11 09:21:37,2025-03-11 09:21:37
375,189,24,73,IN_TRANSIT,2025-03-14 00:04:28,null,2025-03-13 06:16:54,2025-03-13 06:16:54
376,140,10,234,DELIVERED,null,2025-03-12 03:59:00,2025-03-03 15:04:06,2025-03-03 15:04:06
377,32,32,1,PENDING,null,null,2025-03-04 14:29:17,2025-03-04 14:29:17
378,19,27,213,IN_TRANSIT,2025-03-17 06:16:01,null,2025-03-16 09:53:45,2025-03-16 09:53:45
379,45,46,84,PENDING,null,null,2025-03-01 15:45:47,2025-03-01 15:45:47
380,5,33,55,PENDING,null,null,2025-03-16 14:31:58,2025-03-16 14:31:58
381,142,5,253,DELIVERED,2025-03-11 05:43:58,2025-03-15 00:22:58,2025-03-09 20:42:48,2025-03-09 20:42:48
382,35,14,62,IN_TRANSIT,null,null,2025-03-14 03:23:28,2025-03-14 03:23:28
383,127,43,160,IN_TRANSIT,2025-03-14 11:05:05,null,2025-03-09 05:54:26,2025-03-09 05:54:26
384,81,10,119,PENDING,null,null,2025-03-15 12:24:58,2025-03-15 12:24:58
385,19,47,141,DELIVERED,2025-03-17 10:49:13,2025-03-17 07:08:28,2025-03-17 04:07:20,2025-03-17 04:07:20
386,188,27,101,IN_TRANSIT,null,null,2025-03-01 09:09:25,2025-03-01 09:09:25
387,185,7,151,IN_TRANSIT,null,null,2025-03-15 19:02:13,2025-03-15 19:02:13
388,133,35,208,IN_TRANSIT,2025-03-05 15:23:21,null,2025-03-01 06:26:11,2025-03-01 06:26:11
389,84,19,74,IN_TRANSIT,null,null,2025-03-13 18:26:33,2025-03-13 18:26:33
390,42,14,102,DELIVERED,2025-03-14 11:40:59,2025-03-05 19:26:46,2025-03-02 03:08:46,2025-03-02 03:08:46
391,93,5,26,PENDING,null,null,2025-03-09 04:08:57,2025-03-09 04:08:57
392,103,10,119,IN_TRANSIT,2025-03-13 19:09:21,null,2025-03-10 23:19:44,2025-03-10 23:19:44
393,189,6,175,PENDING,null,null,2025-03-02 22:49:37,2025-03-02 22:49:37
394,34,14,85,IN_TRANSIT,null,null,2025-03-03 10:16:55,2025-03-03 10:16:55
395,132,46,94,DELIVERED,null,2025-03-10 08:25:52,2025-03-09 00:27:57,2025-03-09 00:27:57
396,8,46,260,DELIVERED,2025-03-01 02:30:02,2025-03-07 08:05:20,2025-03-01 00:08:07,2025-03-01 00:08:07
397,183,37,15,IN_TRANSIT,2025-03-14 07:04:59,null,2025-03-13 17:20:07,2025-03-13 17:20:07
398,124,20,226,PENDING,null,null,2025-03-02 15:31:12,2025-03-02 15:31:12
399,12,27,101,IN_TRANSIT,null,null,2025-03-12 08:13:54,2025-03-12 08:13:54
400,193,28,110,DELIVERED,null,2025-03-13 08:56:20,2025-03-01 03:29:57,2025-03-01 03:29:57
401,65,5,212,IN_TRANSIT,null,null,2025-03-17 18:44:17,2025-03-17 18:44:17
402,74,46,37,DELIVERED,null,2025-03-14 20:26:40,2025-03-11 02:28:56,2025-03-11 02:28:56
403,111,48,47,PENDING,null,null,2025-03-10 12:06:50,2025-03-10 12:06:50
404,165,10,16,IN_TRANSIT,null,null,2025-03-04 09:33:17,2025-03-04 09:33:17
405,130,43,210,DELIVERED,null,2025-03-17 15:16:05,2025-03-10 22:53:23,2025-03-10 22:53:23
406,135,20,226,IN_TRANSIT,2025-03-13 15:29:40,null,2025-03-04 10:51:24,2025-03-04 10:51:24
407,12,45,165,DELIVERED,null,2025-03-13 00:15:57,2025-03-04 05:21:08,2025-03-04 05:21:08
408,41,15,277,IN_TRANSIT,2025-03-12 08:46:56,null,2025-03-04 07:00:53,2025-03-04 07:00:53
409,93,50,292,DELIVERED,null,2025-03-17 02:32:05,2025-03-03 04:53:25,2025-03-03 04:53:25
410,25,23,129,IN_TRANSIT,2025-03-06 20:30:54,null,2025-03-02 17:23:47,2025-03-02 17:23:47
411,184,23,290,DELIVERED,null,2025-03-16 07:40:46,2025-03-14 17:11:29,2025-03-14 17:11:29
412,23,44,33,IN_TRANSIT,2025-03-09 18:42:29,null,2025-03-05 21:26:08,2025-03-05 21:26:08
413,34,8,167,PENDING,null,null,2025-03-05 09:55:11,2025-03-05 09:55:11
414,39,12,222,DELIVERED,null,2025-03-17 15:20:26,2025-03-13 06:47:47,2025-03-13 06:47:47
415,188,40,261,IN_TRANSIT,2025-03-16 07:04:44,null,2025-03-09 16:10:32,2025-03-09 16:10:32
416,92,8,167,PENDING,null,null,2025-03-10 21:46:48,2025-03-10 21:46:48
417,155,9,148,PENDING,null,null,2025-03-16 08:47:49,2025-03-16 08:47:49
418,99,45,49,IN_TRANSIT,null,null,2025-03-08 13:36:33,2025-03-08 13:36:33
419,28,24,103,PENDING,2025-03-16 01:09:04,null,2025-03-05 02:38:37,2025-03-05 02:38:37
420,26,21,251,PENDING,2025-03-12 19:54:47,null,2025-03-06 07:46:36,2025-03-06 07:46:36
421,119,1,43,PENDING,null,null,2025-03-15 00:55:21,2025-03-15 00:55:21
422,17,13,48,PENDING,2025-03-14 21:26:52,null,2025-03-01 22:36:46,2025-03-01 22:36:46
423,196,20,241,DELIVERED,2025-03-17 12:51:23,2025-03-14 09:29:12,2025-03-03 02:17:59,2025-03-03 02:17:59
424,115,44,33,PENDING,null,null,2025-03-11 04:55:50,2025-03-11 04:55:50
425,87,28,218,PENDING,2025-03-14 06:32:42,null,2025-03-07 09:05:43,2025-03-07 09:05:43
426,190,14,102,IN_TRANSIT,null,null,2025-03-01 13:01:52,2025-03-01 13:01:52
427,50,28,166,IN_TRANSIT,2025-03-04 15:29:38,null,2025-03-04 06:52:19,2025-03-04 06:52:19
428,139,20,241,PENDING,null,null,2025-03-09 13:59:11,2025-03-09 13:59:11
429,46,48,82,PENDING,null,null,2025-03-10 14:17:29,2025-03-10 14:17:29
430,149,10,154,DELIVERED,2025-03-11 15:46:41,2025-03-15 07:43:31,2025-03-06 17:24:38,2025-03-06 17:24:38
431,145,22,56,IN_TRANSIT,null,null,2025-03-03 15:30:08,2025-03-03 15:30:08
432,49,49,130,DELIVERED,null,2025-03-06 03:23:19,2025-03-01 19:43:07,2025-03-01 19:43:07
433,62,26,158,PENDING,null,null,2025-03-17 16:02:58,2025-03-17 16:02:58
434,100,19,98,IN_TRANSIT,null,null,2025-03-14 04:09:55,2025-03-14 04:09:55
435,170,9,148,PENDING,null,null,2025-03-08 20:14:24,2025-03-08 20:14:24
436,63,38,89,DELIVERED,null,2025-03-14 00:43:02,2025-03-11 04:10:53,2025-03-11 04:10:53
437,188,10,240,IN_TRANSIT,null,null,2025-03-07 22:16:57,2025-03-07 22:16:57
438,176,5,26,PENDING,2025-03-16 18:49:28,null,2025-03-15 17:35:28,2025-03-15 17:35:28
439,97,39,79,DELIVERED,null,2025-03-15 11:40:43,2025-03-03 02:41:29,2025-03-03 02:41:29
440,147,17,81,IN_TRANSIT,2025-03-12 16:36:41,null,2025-03-09 16:18:07,2025-03-09 16:18:07
441,91,43,160,IN_TRANSIT,null,null,2025-03-03 11:33:11,2025-03-03 11:33:11
442,134,42,203,IN_TRANSIT,2025-03-17 14:30:00,null,2025-03-09 08:30:06,2025-03-09 08:30:06
443,95,32,192,DELIVERED,2025-03-07 07:06:32,2025-03-15 16:58:30,2025-03-04 17:43:29,2025-03-04 17:43:29
444,19,37,221,DELIVERED,2025-03-06 22:58:43,2025-03-10 05:56:05,2025-03-03 20:43:53,2025-03-03 20:43:53
445,11,39,185,IN_TRANSIT,2025-03-16 11:45:24,null,2025-03-16 07:41:44,2025-03-16 07:41:44
446,26,22,56,PENDING,2025-03-14 10:09:41,null,2025-03-04 18:48:47,2025-03-04 18:48:47
447,32,34,137,DELIVERED,2025-03-16 21:51:01,2025-03-17 00:37:31,2025-03-12 02:09:34,2025-03-12 02:09:34
448,113,16,270,IN_TRANSIT,null,null,2025-03-10 18:03:25,2025-03-10 18:03:25
449,99,24,73,PENDING,2025-03-14 19:29:45,null,2025-03-10 20:46:33,2025-03-10 20:46:33
450,143,25,225,IN_TRANSIT,null,null,2025-03-05 17:21:32,2025-03-05 17:21:32
451,141,3,256,IN_TRANSIT,2025-03-11 20:31:26,null,2025-03-10 15:42:37,2025-03-10 15:42:37
452,39,42,203,DELIVERED,null,2025-03-17 11:40:54,2025-03-16 17:07:03,2025-03-16 17:07:03
453,35,38,133,PENDING,2025-03-17 12:45:35,null,2025-03-08 02:20:01,2025-03-08 02:20:01
454,53,9,14,PENDING,2025-03-03 02:08:01,null,2025-03-01 14:10:55,2025-03-01 14:10:55
455,175,19,36,DELIVERED,2025-03-15 05:06:15,2025-03-09 05:26:36,2025-03-08 23:18:25,2025-03-08 23:18:25
456,82,9,5,IN_TRANSIT,null,null,2025-03-07 15:57:17,2025-03-07 15:57:17
457,74,22,28,IN_TRANSIT,2025-03-16 13:30:30,null,2025-03-16 12:02:52,2025-03-16 12:02:52
458,105,20,241,IN_TRANSIT,null,null,2025-03-15 02:38:28,2025-03-15 02:38:28
459,169,4,216,IN_TRANSIT,null,null,2025-03-05 09:09:38,2025-03-05 09:09:38
460,183,13,258,IN_TRANSIT,null,null,2025-03-08 07:48:07,2025-03-08 07:48:07
461,119,27,252,PENDING,2025-03-15 14:02:56,null,2025-03-14 18:44:01,2025-03-14 18:44:01
462,153,38,89,DELIVERED,null,2025-03-16 18:39:01,2025-03-15 21:41:43,2025-03-15 21:41:43
463,18,14,45,IN_TRANSIT,2025-03-17 12:20:45,null,2025-03-17 07:16:14,2025-03-17 07:16:14
464,50,49,250,PENDING,2025-03-16 11:54:29,null,2025-03-16 08:47:00,2025-03-16 08:47:00
465,36,26,125,IN_TRANSIT,2025-03-14 21:27:30,null,2025-03-01 05:56:43,2025-03-01 05:56:43
466,163,12,29,IN_TRANSIT,2025-03-16 03:14:07,null,2025-03-07 10:49:59,2025-03-07 10:49:59
467,153,30,23,DELIVERED,null,2025-03-16 09:45:42,2025-03-11 22:46:48,2025-03-11 22:46:48
468,65,42,191,IN_TRANSIT,null,null,2025-03-11 01:18:02,2025-03-11 01:18:02
469,138,21,251,DELIVERED,null,2025-03-10 02:12:19,2025-03-07 16:24:16,2025-03-07 16:24:16
470,141,27,101,IN_TRANSIT,null,null,2025-03-09 19:13:25,2025-03-09 19:13:25
471,186,20,241,IN_TRANSIT,null,null,2025-03-13 04:30:34,2025-03-13 04:30:34
472,44,25,249,PENDING,null,null,2025-03-09 16:48:45,2025-03-09 16:48:45
473,24,2,266,IN_TRANSIT,2025-03-08 18:26:06,null,2025-03-04 21:55:13,2025-03-04 21:55:13
474,182,21,251,PENDING,2025-03-07 12:53:43,null,2025-03-01 10:43:46,2025-03-01 10:43:46
475,169,48,41,PENDING,null,null,2025-03-11 22:00:51,2025-03-11 22:00:51
476,177,42,203,PENDING,null,null,2025-03-17 06:46:49,2025-03-17 06:46:49
477,108,20,226,IN_TRANSIT,null,null,2025-03-03 12:47:31,2025-03-03 12:47:31
478,9,27,101,PENDING,null,null,2025-03-13 23:32:33,2025-03-13 23:32:33
479,71,33,90,IN_TRANSIT,2025-03-16 19:16:04,null,2025-03-16 14:12:04,2025-03-16 14:12:04
480,27,27,101,DELIVERED,2025-03-10 08:38:03,2025-03-16 11:53:29,2025-03-01 18:35:19,2025-03-01 18:35:19
481,81,3,196,IN_TRANSIT,2025-03-01 19:15:55,null,2025-03-01 13:01:26,2025-03-01 13:01:26
482,175,8,11,IN_TRANSIT,2025-03-17 01:00:33,null,2025-03-11 18:51:08,2025-03-11 18:51:08
483,153,22,242,IN_TRANSIT,2025-03-17 05:11:39,null,2025-03-10 15:37:51,2025-03-10 15:37:51
484,61,17,81,PENDING,null,null,2025-03-10 17:58:40,2025-03-10 17:58:40
485,126,34,162,DELIVERED,null,2025-03-08 22:14:44,2025-03-06 04:49:55,2025-03-06 04:49:55
486,63,47,141,DELIVERED,null,2025-03-14 19:13:41,2025-03-03 12:08:25,2025-03-03 12:08:25
487,131,48,170,DELIVERED,null,2025-03-17 21:12:11,2025-03-17 21:10:47,2025-03-17 21:10:47
488,177,7,153,PENDING,null,null,2025-03-05 14:12:27,2025-03-05 14:12:27
489,42,22,176,DELIVERED,null,2025-03-16 22:55:27,2025-03-12 07:35:42,2025-03-12 07:35:42
490,29,46,37,PENDING,null,null,2025-03-15 00:22:49,2025-03-15 00:22:49
491,28,38,59,IN_TRANSIT,null,null,2025-03-17 13:01:52,2025-03-17 13:01:52
492,116,37,65,IN_TRANSIT,2025-03-13 06:16:02,null,2025-03-09 22:00:55,2025-03-09 22:00:55
493,30,18,282,IN_TRANSIT,2025-03-13 07:09:55,null,2025-03-08 07:47:49,2025-03-08 07:47:49
494,73,48,41,PENDING,null,null,2025-03-13 06:59:08,2025-03-13 06:59:08
495,167,19,182,IN_TRANSIT,null,null,2025-03-02 16:09:26,2025-03-02 16:09:26
496,85,19,283,DELIVERED,null,2025-03-17 16:06:28,2025-03-14 22:54:26,2025-03-14 22:54:26
497,5,14,85,IN_TRANSIT,2025-03-07 03:56:30,null,2025-03-06 03:27:56,2025-03-06 03:27:56
498,38,3,3,IN_TRANSIT,null,null,2025-03-15 18:55:25,2025-03-15 18:55:25
499,48,9,148,PENDING,2025-03-08 10:12:31,null,2025-03-07 21:16:54,2025-03-07 21:16:54
500,97,40,219,PENDING,null,null,2025-03-17 06:28:44,2025-03-17 06:28:44
501,170,13,258,PENDING,2025-03-16 22:22:49,null,2025-03-13 08:14:44,2025-03-13 08:14:44
502,141,6,177,IN_TRANSIT,null,null,2025-03-04 07:35:04,2025-03-04 07:35:04
503,70,49,75,PENDING,2025-03-10 06:56:52,null,2025-03-08 02:18:53,2025-03-08 02:18:53
504,82,31,238,DELIVERED,null,2025-03-12 04:34:42,2025-03-08 11:01:35,2025-03-08 11:01:35
505,109,6,177,DELIVERED,2025-03-15 13:30:19,2025-03-17 15:44:49,2025-03-11 10:23:39,2025-03-11 10:23:39
506,134,19,74,IN_TRANSIT,2025-03-09 02:10:00,null,2025-03-06 03:19:02,2025-03-06 03:19:02
507,119,9,136,PENDING,null,null,2025-03-13 23:44:13,2025-03-13 23:44:13
508,4,17,93,DELIVERED,2025-03-10 16:44:38,2025-03-17 16:46:31,2025-03-10 13:58:42,2025-03-10 13:58:42
509,170,34,248,PENDING,null,null,2025-03-13 23:52:21,2025-03-13 23:52:21
510,14,5,253,DELIVERED,2025-03-16 19:17:42,2025-03-16 08:15:43,2025-03-14 07:32:08,2025-03-14 07:32:08
511,177,38,233,PENDING,2025-03-14 21:24:14,null,2025-03-14 07:26:34,2025-03-14 07:26:34
512,5,30,155,IN_TRANSIT,null,null,2025-03-08 15:26:18,2025-03-08 15:26:18
513,37,22,150,PENDING,null,null,2025-03-12 04:08:41,2025-03-12 04:08:41
514,175,21,251,PENDING,2025-03-09 05:01:51,null,2025-03-07 10:07:12,2025-03-07 10:07:12
515,31,34,162,DELIVERED,null,2025-03-11 11:51:48,2025-03-11 04:00:00,2025-03-11 04:00:00
516,68,28,166,DELIVERED,2025-03-17 18:56:28,2025-03-17 20:27:31,2025-03-17 18:29:09,2025-03-17 18:29:09
517,163,14,88,PENDING,null,null,2025-03-13 21:11:45,2025-03-13 21:11:45
518,198,27,104,DELIVERED,2025-03-15 11:04:58,2025-03-15 18:40:59,2025-03-13 22:11:18,2025-03-13 22:11:18
519,165,38,19,DELIVERED,null,2025-03-13 08:45:15,2025-03-03 18:19:41,2025-03-03 18:19:41
520,19,34,248,DELIVERED,null,2025-03-17 17:39:21,2025-03-16 14:20:47,2025-03-16 14:20:47
521,184,7,151,PENDING,null,null,2025-03-10 14:50:01,2025-03-10 14:50:01
522,63,16,115,PENDING,null,null,2025-03-02 13:44:13,2025-03-02 13:44:13
523,200,11,157,PENDING,null,null,2025-03-10 07:30:05,2025-03-10 07:30:05
524,158,46,260,IN_TRANSIT,2025-03-13 14:23:46,null,2025-03-05 08:24:26,2025-03-05 08:24:26
525,34,37,299,PENDING,null,null,2025-03-03 10:15:09,2025-03-03 10:15:09
526,95,20,226,IN_TRANSIT,2025-03-15 10:00:03,null,2025-03-06 09:29:59,2025-03-06 09:29:59
527,8,25,225,PENDING,null,null,2025-03-02 00:53:47,2025-03-02 00:53:47
528,12,46,94,DELIVERED,2025-03-12 23:34:07,2025-03-15 14:56:30,2025-03-10 01:44:51,2025-03-10 01:44:51
529,81,8,123,IN_TRANSIT,2025-03-05 06:58:59,null,2025-03-01 12:42:28,2025-03-01 12:42:28
530,12,36,58,PENDING,null,null,2025-03-13 13:13:04,2025-03-13 13:13:04
531,119,25,122,IN_TRANSIT,2025-03-06 17:25:42,null,2025-03-04 21:31:17,2025-03-04 21:31:17
532,118,15,106,DELIVERED,2025-03-12 14:52:11,2025-03-15 19:07:18,2025-03-11 21:36:43,2025-03-11 21:36:43
533,88,6,8,PENDING,2025-03-17 08:03:47,null,2025-03-16 02:02:11,2025-03-16 02:02:11
534,99,13,76,IN_TRANSIT,null,null,2025-03-06 14:09:41,2025-03-06 14:09:41
535,176,50,259,DELIVERED,null,2025-03-08 18:55:01,2025-03-06 06:21:10,2025-03-06 06:21:10
536,7,15,274,PENDING,null,null,2025-03-03 02:38:21,2025-03-03 02:38:21
537,161,18,282,IN_TRANSIT,null,null,2025-03-11 22:20:46,2025-03-11 22:20:46
538,39,27,257,PENDING,null,null,2025-03-01 05:19:32,2025-03-01 05:19:32
539,154,32,83,IN_TRANSIT,2025-03-17 01:36:51,null,2025-03-06 23:08:40,2025-03-06 23:08:40
540,82,44,172,DELIVERED,2025-03-13 00:54:50,2025-03-13 08:53:17,2025-03-11 07:22:06,2025-03-11 07:22:06
541,14,19,209,IN_TRANSIT,null,null,2025-03-15 21:54:40,2025-03-15 21:54:40
542,140,4,220,PENDING,null,null,2025-03-15 18:49:59,2025-03-15 18:49:59
543,190,25,44,IN_TRANSIT,2025-03-11 05:15:44,null,2025-03-03 13:14:02,2025-03-03 13:14:02
544,200,25,44,DELIVERED,2025-03-11 17:04:28,2025-03-11 07:41:33,2025-03-07 19:20:55,2025-03-07 19:20:55
545,122,50,295,PENDING,2025-03-09 05:19:13,null,2025-03-08 08:30:42,2025-03-08 08:30:42
546,197,13,76,PENDING,null,null,2025-03-10 23:49:00,2025-03-10 23:49:00
547,181,26,158,PENDING,null,null,2025-03-16 21:30:05,2025-03-16 21:30:05
548,132,42,32,IN_TRANSIT,2025-03-17 12:07:18,null,2025-03-08 20:01:59,2025-03-08 20:01:59
549,160,37,299,PENDING,null,null,2025-03-13 21:11:49,2025-03-13 21:11:49
550,111,34,248,IN_TRANSIT,null,null,2025-03-08 09:47:30,2025-03-08 09:47:30
551,44,43,12,PENDING,null,null,2025-03-12 19:52:56,2025-03-12 19:52:56
552,94,24,178,IN_TRANSIT,null,null,2025-03-15 05:10:54,2025-03-15 05:10:54
553,26,19,127,PENDING,2025-03-16 11:04:41,null,2025-03-04 10:33:52,2025-03-04 10:33:52
554,30,30,100,PENDING,null,null,2025-03-02 00:52:21,2025-03-02 00:52:21
555,180,27,257,PENDING,2025-03-09 21:55:48,null,2025-03-04 03:17:33,2025-03-04 03:17:33
556,167,3,196,IN_TRANSIT,2025-03-14 08:22:07,null,2025-03-14 00:18:09,2025-03-14 00:18:09
557,102,16,214,IN_TRANSIT,2025-03-11 22:35:25,null,2025-03-10 00:58:59,2025-03-10 00:58:59
558,24,3,3,IN_TRANSIT,null,null,2025-03-17 03:24:05,2025-03-17 03:24:05
559,62,7,153,IN_TRANSIT,null,null,2025-03-16 18:56:34,2025-03-16 18:56:34
560,98,47,141,PENDING,2025-03-17 12:17:19,null,2025-03-17 00:28:34,2025-03-17 00:28:34
561,5,36,51,IN_TRANSIT,null,null,2025-03-04 18:04:34,2025-03-04 18:04:34
562,78,23,244,PENDING,null,null,2025-03-10 13:20:52,2025-03-10 13:20:52
563,114,30,169,IN_TRANSIT,2025-03-12 10:18:56,null,2025-03-03 04:36:45,2025-03-03 04:36:45
564,21,6,177,PENDING,2025-03-16 00:45:54,null,2025-03-12 08:56:07,2025-03-12 08:56:07
565,27,23,128,IN_TRANSIT,null,null,2025-03-09 20:02:05,2025-03-09 20:02:05
566,39,43,265,IN_TRANSIT,null,null,2025-03-17 02:44:40,2025-03-17 02:44:40
567,174,28,218,IN_TRANSIT,2025-03-17 13:15:43,null,2025-03-04 07:41:38,2025-03-04 07:41:38
568,160,20,226,IN_TRANSIT,2025-03-12 22:43:25,null,2025-03-06 19:01:53,2025-03-06 19:01:53
569,39,7,117,IN_TRANSIT,null,null,2025-03-04 16:27:59,2025-03-04 16:27:59
570,57,33,272,IN_TRANSIT,null,null,2025-03-02 09:27:03,2025-03-02 09:27:03
571,32,15,274,IN_TRANSIT,2025-03-17 15:08:28,null,2025-03-14 07:07:03,2025-03-14 07:07:03
572,198,15,207,IN_TRANSIT,null,null,2025-03-04 01:05:19,2025-03-04 01:05:19
573,169,24,103,DELIVERED,2025-03-15 14:03:04,2025-03-16 05:16:42,2025-03-13 06:52:07,2025-03-13 06:52:07
574,191,28,110,PENDING,null,null,2025-03-06 14:05:01,2025-03-06 14:05:01
575,186,38,233,IN_TRANSIT,2025-03-16 19:12:09,null,2025-03-12 17:57:37,2025-03-12 17:57:37
576,107,24,103,PENDING,null,null,2025-03-02 10:20:55,2025-03-02 10:20:55
577,40,24,73,IN_TRANSIT,null,null,2025-03-10 14:05:23,2025-03-10 14:05:23
578,110,34,137,IN_TRANSIT,null,null,2025-03-08 02:49:21,2025-03-08 02:49:21
579,15,30,297,DELIVERED,null,2025-03-04 11:15:46,2025-03-03 21:49:29,2025-03-03 21:49:29
580,97,43,210,DELIVERED,null,2025-03-12 15:56:32,2025-03-06 20:53:43,2025-03-06 20:53:43
581,121,39,185,PENDING,2025-03-16 22:22:25,null,2025-03-16 09:02:42,2025-03-16 09:02:42
582,98,25,225,PENDING,2025-03-16 20:58:17,null,2025-03-04 04:46:26,2025-03-04 04:46:26
583,111,7,153,PENDING,2025-03-11 06:22:22,null,2025-03-10 04:43:16,2025-03-10 04:43:16
584,177,16,286,IN_TRANSIT,null,null,2025-03-09 17:02:40,2025-03-09 17:02:40
585,157,44,33,PENDING,null,null,2025-03-02 06:53:47,2025-03-02 06:53:47
586,77,8,281,PENDING,null,null,2025-03-09 16:27:36,2025-03-09 16:27:36
587,146,17,120,DELIVERED,2025-03-02 06:53:43,2025-03-04 22:48:37,2025-03-01 09:33:25,2025-03-01 09:33:25
588,45,45,112,IN_TRANSIT,2025-03-15 20:56:15,null,2025-03-04 20:05:58,2025-03-04 20:05:58
589,191,30,297,PENDING,2025-03-13 01:49:36,null,2025-03-03 22:58:59,2025-03-03 22:58:59
590,16,2,197,DELIVERED,null,2025-03-09 04:11:10,2025-03-04 23:39:10,2025-03-04 23:39:10
591,195,36,7,IN_TRANSIT,2025-03-13 11:36:21,null,2025-03-03 10:44:17,2025-03-03 10:44:17
592,67,5,26,DELIVERED,2025-03-17 19:15:35,2025-03-13 01:29:10,2025-03-09 09:29:41,2025-03-09 09:29:41
593,147,23,289,PENDING,2025-03-16 00:40:21,null,2025-03-06 11:12:03,2025-03-06 11:12:03
594,19,44,33,DELIVERED,2025-03-11 16:38:41,2025-03-16 01:44:46,2025-03-01 04:56:50,2025-03-01 04:56:50
595,61,49,194,DELIVERED,null,2025-03-10 05:15:48,2025-03-04 13:47:42,2025-03-04 13:47:42
596,153,27,213,IN_TRANSIT,2025-03-16 19:04:23,null,2025-03-07 15:17:34,2025-03-07 15:17:34
597,13,38,233,PENDING,null,null,2025-03-12 13:28:56,2025-03-12 13:28:56
598,175,39,267,DELIVERED,null,2025-03-10 11:49:18,2025-03-06 04:34:13,2025-03-06 04:34:13
599,187,45,276,IN_TRANSIT,2025-03-10 02:04:31,null,2025-03-04 21:31:44,2025-03-04 21:31:44
600,73,12,139,IN_TRANSIT,2025-03-13 04:03:24,null,2025-03-11 05:39:41,2025-03-11 05:39:41
601,94,25,225,PENDING,null,null,2025-03-08 13:54:31,2025-03-08 13:54:31
602,9,5,212,IN_TRANSIT,null,null,2025-03-03 07:55:01,2025-03-03 07:55:01
603,113,5,253,PENDING,null,null,2025-03-08 17:53:30,2025-03-08 17:53:30
604,40,5,212,PENDING,2025-03-05 14:05:49,null,2025-03-04 05:47:21,2025-03-04 05:47:21
605,117,20,241,IN_TRANSIT,2025-03-16 14:30:09,null,2025-03-10 14:24:37,2025-03-10 14:24:37
606,187,40,261,DELIVERED,null,2025-03-15 07:39:40,2025-03-11 17:42:01,2025-03-11 17:42:01
607,145,12,29,PENDING,null,null,2025-03-08 09:22:37,2025-03-08 09:22:37
608,105,8,123,DELIVERED,2025-03-15 22:26:36,2025-03-15 08:29:47,2025-03-13 15:14:38,2025-03-13 15:14:38
609,183,14,62,DELIVERED,2025-03-16 03:08:25,2025-03-15 17:03:51,2025-03-14 04:39:38,2025-03-14 04:39:38
610,16,6,171,IN_TRANSIT,2025-03-15 12:04:23,null,2025-03-10 14:41:19,2025-03-10 14:41:19
611,26,5,253,IN_TRANSIT,null,null,2025-03-10 05:19:55,2025-03-10 05:19:55
612,158,18,126,IN_TRANSIT,null,null,2025-03-12 10:15:31,2025-03-12 10:15:31
613,177,28,218,DELIVERED,null,2025-03-17 16:20:33,2025-03-15 21:05:51,2025-03-15 21:05:51
614,179,19,98,DELIVERED,null,2025-03-13 20:06:03,2025-03-08 16:29:27,2025-03-08 16:29:27
615,94,23,138,PENDING,2025-03-10 06:00:06,null,2025-03-05 01:13:13,2025-03-05 01:13:13
616,164,49,130,IN_TRANSIT,2025-03-11 06:06:17,null,2025-03-09 02:33:00,2025-03-09 02:33:00
617,15,9,60,DELIVERED,2025-03-15 19:00:00,2025-03-14 18:08:34,2025-03-11 01:22:10,2025-03-11 01:22:10
618,114,26,125,PENDING,null,null,2025-03-07 08:03:27,2025-03-07 08:03:27
619,166,50,259,PENDING,null,null,2025-03-17 20:55:20,2025-03-17 20:55:20
620,189,46,94,IN_TRANSIT,null,null,2025-03-13 09:22:13,2025-03-13 09:22:13
621,172,39,78,DELIVERED,2025-03-08 21:21:09,2025-03-16 23:05:03,2025-03-07 08:03:32,2025-03-07 08:03:32
622,75,8,11,PENDING,2025-03-17 09:08:13,null,2025-03-06 05:46:37,2025-03-06 05:46:37
623,151,46,132,DELIVERED,null,2025-03-17 09:55:37,2025-03-17 08:17:02,2025-03-17 08:17:02
624,178,44,33,PENDING,2025-03-14 17:37:01,null,2025-03-13 09:36:33,2025-03-13 09:36:33
625,74,2,236,PENDING,null,null,2025-03-16 23:06:20,2025-03-16 23:06:20
626,83,24,103,DELIVERED,2025-03-17 05:18:08,2025-03-14 18:00:16,2025-03-13 20:13:04,2025-03-13 20:13:04
627,11,15,217,IN_TRANSIT,null,null,2025-03-08 21:54:22,2025-03-08 21:54:22
628,114,20,241,IN_TRANSIT,2025-03-13 18:14:42,null,2025-03-10 09:00:09,2025-03-10 09:00:09
629,44,30,297,IN_TRANSIT,2025-03-15 18:22:15,null,2025-03-13 12:45:11,2025-03-13 12:45:11
630,110,19,182,PENDING,2025-03-11 13:31:31,null,2025-03-10 10:44:30,2025-03-10 10:44:30
631,61,44,33,PENDING,null,null,2025-03-09 05:52:18,2025-03-09 05:52:18
632,20,3,4,IN_TRANSIT,null,null,2025-03-04 08:17:52,2025-03-04 08:17:52
633,19,8,147,IN_TRANSIT,2025-03-09 00:55:14,null,2025-03-05 09:49:17,2025-03-05 09:49:17
634,160,31,238,PENDING,null,null,2025-03-06 17:36:13,2025-03-06 17:36:13
635,68,21,251,DELIVERED,2025-03-09 20:22:08,2025-03-10 19:50:32,2025-03-05 15:59:32,2025-03-05 15:59:32
636,83,23,227,PENDING,2025-03-14 22:17:53,null,2025-03-13 01:40:47,2025-03-13 01:40:47
637,100,32,1,IN_TRANSIT,2025-03-14 17:05:31,null,2025-03-09 23:19:50,2025-03-09 23:19:50
638,45,41,95,IN_TRANSIT,null,null,2025-03-04 16:16:04,2025-03-04 16:16:04
639,97,26,124,PENDING,null,null,2025-03-14 11:55:33,2025-03-14 11:55:33
640,22,39,78,PENDING,null,null,2025-03-17 02:22:13,2025-03-17 02:22:13
641,107,31,287,PENDING,2025-03-14 19:17:50,null,2025-03-13 11:48:38,2025-03-13 11:48:38
642,193,10,119,IN_TRANSIT,2025-03-17 08:06:46,null,2025-03-13 09:23:47,2025-03-13 09:23:47
643,146,23,289,PENDING,null,null,2025-03-06 02:42:03,2025-03-06 02:42:03
644,112,23,284,IN_TRANSIT,null,null,2025-03-03 12:31:56,2025-03-03 12:31:56
645,48,43,210,DELIVERED,2025-03-16 00:56:49,2025-03-12 19:15:57,2025-03-12 09:12:37,2025-03-12 09:12:37
646,14,38,59,IN_TRANSIT,2025-03-06 22:31:27,null,2025-03-03 03:43:24,2025-03-03 03:43:24
647,69,44,172,PENDING,2025-03-17 17:00:08,null,2025-03-06 14:54:13,2025-03-06 14:54:13
648,181,50,259,PENDING,null,null,2025-03-10 10:33:23,2025-03-10 10:33:23
649,70,37,278,DELIVERED,null,2025-03-17 13:35:28,2025-03-16 10:12:02,2025-03-16 10:12:02
650,111,35,247,PENDING,2025-03-15 16:53:02,null,2025-03-11 11:53:51,2025-03-11 11:53:51
651,74,43,160,DELIVERED,2025-03-13 11:23:28,2025-03-12 10:32:42,2025-03-07 23:51:20,2025-03-07 23:51:20
652,16,5,212,DELIVERED,2025-03-11 02:24:39,2025-03-06 17:45:53,2025-03-01 08:11:29,2025-03-01 08:11:29
653,11,22,228,IN_TRANSIT,2025-03-13 15:52:06,null,2025-03-06 22:47:11,2025-03-06 22:47:11
654,65,6,8,IN_TRANSIT,null,null,2025-03-10 05:26:01,2025-03-10 05:26:01
655,169,10,119,PENDING,null,null,2025-03-08 02:56:58,2025-03-08 02:56:58
656,81,30,297,PENDING,2025-03-16 17:13:09,null,2025-03-06 12:08:38,2025-03-06 12:08:38
657,164,40,219,DELIVERED,null,2025-03-16 18:40:42,2025-03-04 06:31:10,2025-03-04 06:31:10
658,48,37,278,DELIVERED,null,2025-03-13 06:37:57,2025-03-02 09:56:14,2025-03-02 09:56:14
659,54,32,192,DELIVERED,2025-03-16 09:11:49,2025-03-16 12:34:25,2025-03-16 00:59:33,2025-03-16 00:59:33
660,113,9,14,PENDING,null,null,2025-03-15 15:54:47,2025-03-15 15:54:47
661,76,49,146,IN_TRANSIT,2025-03-15 11:37:04,null,2025-03-14 19:54:50,2025-03-14 19:54:50
662,77,15,277,IN_TRANSIT,2025-03-14 18:44:59,null,2025-03-10 21:36:32,2025-03-10 21:36:32
663,46,13,258,DELIVERED,null,2025-03-14 17:45:56,2025-03-11 01:22:44,2025-03-11 01:22:44
664,190,43,160,PENDING,2025-03-17 17:22:01,null,2025-03-16 02:05:16,2025-03-16 02:05:16
665,152,29,96,PENDING,2025-03-02 23:10:07,null,2025-03-02 11:45:46,2025-03-02 11:45:46
666,192,13,199,IN_TRANSIT,2025-03-14 01:49:39,null,2025-03-05 05:38:06,2025-03-05 05:38:06
667,134,25,249,IN_TRANSIT,null,null,2025-03-05 17:15:30,2025-03-05 17:15:30
668,93,32,179,DELIVERED,null,2025-03-10 13:39:26,2025-03-05 18:57:52,2025-03-05 18:57:52
669,44,35,134,DELIVERED,null,2025-03-17 14:16:41,2025-03-16 21:32:47,2025-03-16 21:32:47
670,4,7,151,IN_TRANSIT,null,null,2025-03-06 16:17:38,2025-03-06 16:17:38
671,181,15,207,DELIVERED,null,2025-03-07 23:32:01,2025-03-06 13:59:04,2025-03-06 13:59:04
672,197,38,113,PENDING,2025-03-17 11:39:14,null,2025-03-03 00:32:55,2025-03-03 00:32:55
673,78,15,277,DELIVERED,null,2025-03-15 12:03:36,2025-03-10 06:40:57,2025-03-10 06:40:57
674,190,46,84,IN_TRANSIT,null,null,2025-03-07 06:13:00,2025-03-07 06:13:00
675,64,17,81,IN_TRANSIT,2025-03-14 12:10:46,null,2025-03-13 19:47:20,2025-03-13 19:47:20
676,95,29,54,PENDING,2025-03-15 17:57:03,null,2025-03-14 19:32:59,2025-03-14 19:32:59
677,197,45,31,IN_TRANSIT,2025-03-16 17:12:13,null,2025-03-12 22:20:47,2025-03-12 22:20:47
678,40,28,218,PENDING,2025-03-11 10:34:05,null,2025-03-08 10:10:51,2025-03-08 10:10:51
679,173,20,241,PENDING,2025-03-11 01:09:59,null,2025-03-08 14:00:42,2025-03-08 14:00:42
680,8,5,212,IN_TRANSIT,2025-03-10 12:26:34,null,2025-03-10 04:17:54,2025-03-10 04:17:54
681,156,39,79,PENDING,null,null,2025-03-02 15:52:57,2025-03-02 15:52:57
682,90,26,125,IN_TRANSIT,null,null,2025-03-06 07:24:10,2025-03-06 07:24:10
683,29,43,265,IN_TRANSIT,2025-03-16 05:12:19,null,2025-03-09 23:32:48,2025-03-09 23:32:48
684,170,17,120,PENDING,2025-03-15 06:49:49,null,2025-03-07 04:54:13,2025-03-07 04:54:13
685,81,24,103,PENDING,2025-03-08 15:27:03,null,2025-03-07 09:28:06,2025-03-07 09:28:06
686,72,37,221,PENDING,null,null,2025-03-01 11:45:01,2025-03-01 11:45:01
687,171,24,103,DELIVERED,null,2025-03-17 18:51:59,2025-03-17 17:34:15,2025-03-17 17:34:15
688,71,6,177,PENDING,2025-03-14 15:01:54,null,2025-03-14 09:44:41,2025-03-14 09:44:41
689,143,28,218,PENDING,2025-03-14 06:34:51,null,2025-03-08 02:34:23,2025-03-08 02:34:23
690,181,39,185,PENDING,null,null,2025-03-11 00:42:52,2025-03-11 00:42:52
691,95,8,231,PENDING,2025-03-10 07:23:58,null,2025-03-03 17:44:57,2025-03-03 17:44:57
692,181,23,289,IN_TRANSIT,2025-03-16 09:34:35,null,2025-03-06 13:05:53,2025-03-06 13:05:53
693,124,28,166,DELIVERED,null,2025-03-17 00:47:11,2025-03-08 08:49:53,2025-03-08 08:49:53
694,159,6,8,DELIVERED,null,2025-03-17 08:23:02,2025-03-07 04:53:20,2025-03-07 04:53:20
695,7,41,107,DELIVERED,null,2025-03-15 22:47:21,2025-03-14 08:26:59,2025-03-14 08:26:59
696,184,45,112,PENDING,null,null,2025-03-12 10:21:12,2025-03-12 10:21:12
697,195,9,5,DELIVERED,2025-03-13 08:31:03,2025-03-16 10:09:24,2025-03-12 13:55:04,2025-03-12 13:55:04
698,96,47,141,DELIVERED,null,2025-03-09 11:39:50,2025-03-08 08:39:14,2025-03-08 08:39:14
699,166,25,291,DELIVERED,2025-03-10 19:49:21,2025-03-14 04:44:09,2025-03-09 10:03:30,2025-03-09 10:03:30
700,86,43,275,DELIVERED,null,2025-03-14 23:45:36,2025-03-01 01:59:01,2025-03-01 01:59:01
701,150,41,95,DELIVERED,2025-03-11 16:51:59,2025-03-08 19:28:14,2025-03-03 14:45:47,2025-03-03 14:45:47
702,131,13,199,PENDING,null,null,2025-03-13 02:20:48,2025-03-13 02:20:48
703,60,29,239,DELIVERED,null,2025-03-12 16:40:07,2025-03-07 17:07:27,2025-03-07 17:07:27
704,95,13,258,DELIVERED,null,2025-03-15 06:17:55,2025-03-07 22:31:19,2025-03-07 22:31:19
705,41,11,279,DELIVERED,null,2025-03-17 14:02:57,2025-03-16 17:56:57,2025-03-16 17:56:57
706,46,21,251,IN_TRANSIT,null,null,2025-03-08 09:12:11,2025-03-08 09:12:11
707,55,50,259,IN_TRANSIT,null,null,2025-03-12 09:31:35,2025-03-12 09:31:35
708,78,25,291,IN_TRANSIT,2025-03-16 17:21:53,null,2025-03-16 08:44:15,2025-03-16 08:44:15
709,60,26,124,PENDING,null,null,2025-03-15 04:42:29,2025-03-15 04:42:29
710,4,30,297,IN_TRANSIT,null,null,2025-03-05 21:49:08,2025-03-05 21:49:08
711,102,23,202,DELIVERED,2025-03-11 18:09:20,2025-03-14 23:40:47,2025-03-11 09:31:11,2025-03-11 09:31:11
712,67,3,196,DELIVERED,2025-03-11 23:04:12,2025-03-17 13:43:57,2025-03-08 01:03:20,2025-03-08 01:03:20
713,117,9,293,PENDING,null,null,2025-03-01 23:06:33,2025-03-01 23:06:33
714,38,7,153,PENDING,2025-03-07 09:22:44,null,2025-03-07 04:01:22,2025-03-07 04:01:22
715,184,10,154,IN_TRANSIT,2025-03-10 13:20:43,null,2025-03-04 11:24:42,2025-03-04 11:24:42
716,9,22,28,PENDING,2025-03-16 14:12:34,null,2025-03-08 07:23:27,2025-03-08 07:23:27
717,141,15,217,PENDING,2025-03-17 16:02:21,null,2025-03-16 22:12:36,2025-03-16 22:12:36
718,174,6,269,DELIVERED,2025-03-17 08:28:47,2025-03-17 13:11:30,2025-03-16 12:41:10,2025-03-16 12:41:10
719,183,34,137,PENDING,2025-03-08 03:05:15,null,2025-03-02 02:51:48,2025-03-02 02:51:48
720,70,28,77,IN_TRANSIT,2025-03-04 09:20:06,null,2025-03-01 07:16:43,2025-03-01 07:16:43
721,99,41,107,IN_TRANSIT,2025-03-16 08:10:28,null,2025-03-07 04:21:26,2025-03-07 04:21:26
722,182,50,292,DELIVERED,null,2025-03-13 19:37:10,2025-03-06 01:03:13,2025-03-06 01:03:13
723,148,9,14,PENDING,null,null,2025-03-15 04:57:34,2025-03-15 04:57:34
724,139,36,34,PENDING,2025-03-15 22:14:00,null,2025-03-09 17:19:24,2025-03-09 17:19:24
725,30,28,166,DELIVERED,2025-03-12 04:07:03,2025-03-10 12:01:12,2025-03-01 20:43:16,2025-03-01 20:43:16
726,3,23,129,PENDING,2025-03-15 00:18:49,null,2025-03-09 16:52:37,2025-03-09 16:52:37
727,61,50,292,DELIVERED,null,2025-03-11 15:09:36,2025-03-08 14:36:35,2025-03-08 14:36:35
728,73,26,158,PENDING,2025-03-17 12:05:19,null,2025-03-17 07:57:25,2025-03-17 07:57:25
729,128,7,117,PENDING,null,null,2025-03-04 17:29:28,2025-03-04 17:29:28
730,140,6,175,IN_TRANSIT,null,null,2025-03-02 06:05:35,2025-03-02 06:05:35
731,79,40,219,PENDING,null,null,2025-03-15 19:57:46,2025-03-15 19:57:46
732,151,30,118,PENDING,2025-03-12 01:29:54,null,2025-03-11 08:40:06,2025-03-11 08:40:06
733,2,39,267,IN_TRANSIT,null,null,2025-03-04 15:18:35,2025-03-04 15:18:35
734,134,33,198,PENDING,2025-03-13 08:44:19,null,2025-03-13 02:58:29,2025-03-13 02:58:29
735,89,22,121,IN_TRANSIT,null,null,2025-03-16 05:42:36,2025-03-16 05:42:36
736,120,31,66,PENDING,2025-03-02 15:30:23,null,2025-03-01 00:03:20,2025-03-01 00:03:20
737,153,21,251,IN_TRANSIT,null,null,2025-03-04 20:54:05,2025-03-04 20:54:05
738,160,3,108,PENDING,2025-03-07 09:03:30,null,2025-03-01 07:25:56,2025-03-01 07:25:56
739,56,10,234,PENDING,2025-03-11 09:19:52,null,2025-03-09 12:50:38,2025-03-09 12:50:38
740,57,21,251,DELIVERED,null,2025-03-17 07:52:48,2025-03-13 16:34:25,2025-03-13 16:34:25
741,1,11,235,PENDING,2025-03-10 15:45:10,null,2025-03-04 18:48:51,2025-03-04 18:48:51
742,33,46,132,PENDING,null,null,2025-03-10 21:24:58,2025-03-10 21:24:58
743,102,27,101,DELIVERED,2025-03-14 02:24:26,2025-03-06 02:29:18,2025-03-06 00:59:52,2025-03-06 00:59:52
744,91,48,294,PENDING,2025-03-17 19:10:41,null,2025-03-10 20:40:27,2025-03-10 20:40:27
745,193,25,249,DELIVERED,null,2025-03-17 01:34:21,2025-03-05 23:30:03,2025-03-05 23:30:03
746,128,6,175,IN_TRANSIT,null,null,2025-03-17 20:34:26,2025-03-17 20:34:26
747,167,50,259,IN_TRANSIT,2025-03-12 01:27:39,null,2025-03-07 03:54:01,2025-03-07 03:54:01
748,187,44,33,PENDING,2025-03-07 20:31:58,null,2025-03-02 18:24:30,2025-03-02 18:24:30
749,62,3,3,IN_TRANSIT,2025-03-10 10:21:50,null,2025-03-06 01:14:34,2025-03-06 01:14:34
750,166,34,248,PENDING,null,null,2025-03-12 09:39:35,2025-03-12 09:39:35
751,181,24,73,DELIVERED,null,2025-03-13 23:08:19,2025-03-12 01:38:29,2025-03-12 01:38:29
752,11,47,145,PENDING,null,null,2025-03-10 02:38:45,2025-03-10 02:38:45
753,195,23,181,IN_TRANSIT,2025-03-17 00:36:53,null,2025-03-16 13:38:41,2025-03-16 13:38:41
754,31,15,277,DELIVERED,2025-03-08 22:41:28,2025-03-06 00:03:09,2025-03-04 21:59:58,2025-03-04 21:59:58
755,186,4,114,IN_TRANSIT,null,null,2025-03-17 13:24:07,2025-03-17 13:24:07
756,188,50,292,IN_TRANSIT,null,null,2025-03-10 15:02:07,2025-03-10 15:02:07
757,43,30,155,PENDING,2025-03-15 19:56:21,null,2025-03-14 10:40:29,2025-03-14 10:40:29
758,110,37,135,IN_TRANSIT,2025-03-14 12:05:38,null,2025-03-08 22:12:36,2025-03-08 22:12:36
759,31,8,167,IN_TRANSIT,2025-03-15 05:09:54,null,2025-03-01 04:14:01,2025-03-01 04:14:01
760,6,37,278,PENDING,2025-03-12 15:03:43,null,2025-03-10 18:20:45,2025-03-10 18:20:45
761,37,50,259,PENDING,null,null,2025-03-06 07:09:04,2025-03-06 07:09:04
762,105,34,248,IN_TRANSIT,2025-03-10 19:21:04,null,2025-03-09 11:46:20,2025-03-09 11:46:20
763,164,5,253,PENDING,2025-03-10 03:02:21,null,2025-03-06 05:16:50,2025-03-06 05:16:50
764,193,43,246,DELIVERED,null,2025-03-11 10:41:59,2025-03-07 18:08:16,2025-03-07 18:08:16
765,64,36,34,DELIVERED,2025-03-16 13:46:00,2025-03-14 10:35:04,2025-03-14 08:22:54,2025-03-14 08:22:54
766,78,1,53,PENDING,2025-03-17 03:42:55,null,2025-03-16 02:08:35,2025-03-16 02:08:35
767,160,44,172,IN_TRANSIT,2025-03-10 18:18:49,null,2025-03-09 14:08:48,2025-03-09 14:08:48
768,6,22,56,IN_TRANSIT,2025-03-06 09:21:06,null,2025-03-06 06:38:32,2025-03-06 06:38:32
769,165,36,51,DELIVERED,null,2025-03-16 15:35:04,2025-03-08 18:44:33,2025-03-08 18:44:33
770,114,13,48,IN_TRANSIT,2025-03-11 02:59:24,null,2025-03-08 07:31:50,2025-03-08 07:31:50
771,68,30,155,PENDING,null,null,2025-03-01 14:34:23,2025-03-01 14:34:23
772,83,50,259,PENDING,null,null,2025-03-08 12:37:04,2025-03-08 12:37:04
773,87,8,11,IN_TRANSIT,null,null,2025-03-01 12:16:11,2025-03-01 12:16:11
774,80,49,164,IN_TRANSIT,2025-03-08 19:30:08,null,2025-03-06 15:23:15,2025-03-06 15:23:15
775,38,21,251,IN_TRANSIT,null,null,2025-03-15 06:12:14,2025-03-15 06:12:14
776,49,19,182,IN_TRANSIT,null,null,2025-03-07 23:00:27,2025-03-07 23:00:27
777,170,41,159,IN_TRANSIT,null,null,2025-03-06 11:00:35,2025-03-06 11:00:35
778,86,2,236,IN_TRANSIT,2025-03-16 15:03:48,null,2025-03-12 12:05:19,2025-03-12 12:05:19
779,75,20,226,PENDING,2025-03-14 17:57:08,null,2025-03-08 22:37:10,2025-03-08 22:37:10
780,95,47,145,IN_TRANSIT,2025-03-16 02:31:09,null,2025-03-14 16:12:27,2025-03-14 16:12:27
781,85,22,142,DELIVERED,null,2025-03-14 07:49:58,2025-03-06 08:47:48,2025-03-06 08:47:48
782,96,9,39,IN_TRANSIT,null,null,2025-03-15 21:18:21,2025-03-15 21:18:21
783,126,40,219,PENDING,null,null,2025-03-09 11:40:35,2025-03-09 11:40:35
784,98,1,53,PENDING,null,null,2025-03-01 23:06:51,2025-03-01 23:06:51
785,156,23,202,DELIVERED,2025-03-16 05:07:37,2025-03-10 18:19:21,2025-03-05 21:02:13,2025-03-05 21:02:13
786,10,4,61,PENDING,null,null,2025-03-13 13:56:01,2025-03-13 13:56:01
787,177,37,299,IN_TRANSIT,2025-03-15 22:04:14,null,2025-03-08 10:55:20,2025-03-08 10:55:20
788,104,26,125,IN_TRANSIT,null,null,2025-03-02 09:35:36,2025-03-02 09:35:36
789,195,46,84,IN_TRANSIT,2025-03-13 10:17:01,null,2025-03-05 03:37:01,2025-03-05 03:37:01
790,103,40,219,DELIVERED,null,2025-03-15 20:07:05,2025-03-12 10:38:06,2025-03-12 10:38:06
791,47,49,156,DELIVERED,null,2025-03-17 06:30:15,2025-03-15 07:23:39,2025-03-15 07:23:39
792,3,30,118,PENDING,2025-03-12 12:22:17,null,2025-03-07 13:36:44,2025-03-07 13:36:44
793,118,28,166,IN_TRANSIT,2025-03-16 12:30:30,null,2025-03-14 02:28:43,2025-03-14 02:28:43
794,161,36,51,IN_TRANSIT,2025-03-17 15:03:37,null,2025-03-17 08:28:11,2025-03-17 08:28:11
795,5,1,201,IN_TRANSIT,2025-03-14 10:44:10,null,2025-03-14 03:37:50,2025-03-14 03:37:50
796,56,31,238,DELIVERED,2025-03-14 11:04:38,2025-03-13 21:24:33,2025-03-10 22:08:45,2025-03-10 22:08:45
797,28,34,162,IN_TRANSIT,null,null,2025-03-11 03:47:50,2025-03-11 03:47:50
798,109,32,192,IN_TRANSIT,2025-03-10 10:40:43,null,2025-03-09 13:59:01,2025-03-09 13:59:01
799,20,29,183,IN_TRANSIT,null,null,2025-03-01 19:48:08,2025-03-01 19:48:08
800,82,42,32,PENDING,2025-03-09 09:23:48,null,2025-03-01 00:31:22,2025-03-01 00:31:22
801,37,17,120,IN_TRANSIT,2025-03-09 07:19:53,null,2025-03-07 10:44:08,2025-03-07 10:44:08
802,136,6,171,IN_TRANSIT,null,null,2025-03-13 19:41:34,2025-03-13 19:41:34
803,199,25,243,DELIVERED,2025-03-16 03:53:32,2025-03-15 16:34:18,2025-03-13 11:19:54,2025-03-13 11:19:54
804,130,9,60,PENDING,2025-03-09 16:58:02,null,2025-03-09 01:52:07,2025-03-09 01:52:07
805,51,40,219,DELIVERED,null,2025-03-11 07:30:30,2025-03-04 19:27:06,2025-03-04 19:27:06
806,106,18,57,PENDING,2025-03-16 22:39:41,null,2025-03-05 03:15:27,2025-03-05 03:15:27
807,174,4,92,IN_TRANSIT,2025-03-10 05:51:31,null,2025-03-04 17:49:36,2025-03-04 17:49:36
808,175,15,217,PENDING,null,null,2025-03-14 17:31:45,2025-03-14 17:31:45
809,49,4,216,DELIVERED,2025-03-17 00:04:26,2025-03-16 21:38:55,2025-03-16 18:56:01,2025-03-16 18:56:01
810,18,18,223,IN_TRANSIT,null,null,2025-03-06 03:16:06,2025-03-06 03:16:06
811,17,14,45,PENDING,null,null,2025-03-14 00:22:29,2025-03-14 00:22:29
812,100,16,286,PENDING,null,null,2025-03-16 21:05:15,2025-03-16 21:05:15
813,77,18,30,PENDING,2025-03-17 05:12:05,null,2025-03-16 03:57:15,2025-03-16 03:57:15
814,148,26,125,IN_TRANSIT,null,null,2025-03-11 07:38:58,2025-03-11 07:38:58
815,129,40,116,IN_TRANSIT,null,null,2025-03-11 17:17:01,2025-03-11 17:17:01
816,23,3,168,IN_TRANSIT,2025-03-08 22:37:59,null,2025-03-08 19:02:02,2025-03-08 19:02:02
817,9,1,201,IN_TRANSIT,null,null,2025-03-03 19:31:49,2025-03-03 19:31:49
818,137,42,87,IN_TRANSIT,null,null,2025-03-01 05:28:24,2025-03-01 05:28:24
819,114,18,30,DELIVERED,2025-03-04 02:18:50,2025-03-12 11:29:02,2025-03-01 16:10:10,2025-03-01 16:10:10
820,8,41,35,PENDING,null,null,2025-03-16 03:07:08,2025-03-16 03:07:08
821,80,6,280,DELIVERED,2025-03-08 17:24:52,2025-03-08 16:30:17,2025-03-06 07:04:08,2025-03-06 07:04:08
822,195,4,69,PENDING,null,null,2025-03-05 09:53:12,2025-03-05 09:53:12
823,38,24,103,DELIVERED,2025-03-05 00:22:53,2025-03-07 20:29:18,2025-03-01 09:18:51,2025-03-01 09:18:51
824,147,45,276,DELIVERED,2025-03-17 14:30:29,2025-03-15 08:26:29,2025-03-11 18:48:15,2025-03-11 18:48:15
825,146,42,191,DELIVERED,2025-03-10 10:27:46,2025-03-05 01:56:27,2025-03-02 22:37:23,2025-03-02 22:37:23
826,53,26,124,DELIVERED,null,2025-03-17 12:51:54,2025-03-16 23:55:10,2025-03-16 23:55:10
827,80,48,294,PENDING,null,null,2025-03-11 08:11:18,2025-03-11 08:11:18
828,194,15,46,DELIVERED,2025-03-17 08:45:39,2025-03-11 11:47:51,2025-03-09 06:21:39,2025-03-09 06:21:39
829,20,44,91,DELIVERED,2025-03-17 18:15:52,2025-03-17 14:06:10,2025-03-17 12:24:37,2025-03-17 12:24:37
830,71,16,115,DELIVERED,null,2025-03-17 14:56:58,2025-03-05 00:25:49,2025-03-05 00:25:49
831,84,25,291,IN_TRANSIT,2025-03-16 16:14:06,null,2025-03-05 00:29:24,2025-03-05 00:29:24
832,173,27,101,DELIVERED,2025-03-16 05:19:48,2025-03-17 03:59:14,2025-03-14 15:49:50,2025-03-14 15:49:50
833,167,26,124,PENDING,null,null,2025-03-01 11:46:20,2025-03-01 11:46:20
834,159,50,295,DELIVERED,null,2025-03-15 18:59:48,2025-03-14 18:49:48,2025-03-14 18:49:48
835,48,16,38,DELIVERED,2025-03-17 10:08:34,2025-03-14 02:27:39,2025-03-12 11:51:19,2025-03-12 11:51:19
836,182,18,223,PENDING,2025-03-17 11:05:47,null,2025-03-17 07:02:32,2025-03-17 07:02:32
837,104,32,10,PENDING,null,null,2025-03-11 03:24:36,2025-03-11 03:24:36
838,7,48,82,DELIVERED,2025-03-17 03:49:17,2025-03-03 15:40:29,2025-03-02 13:07:49,2025-03-02 13:07:49
839,170,31,149,IN_TRANSIT,null,null,2025-03-11 20:36:30,2025-03-11 20:36:30
840,145,1,99,IN_TRANSIT,2025-03-16 16:09:58,null,2025-03-09 20:55:24,2025-03-09 20:55:24
841,9,30,155,DELIVERED,2025-03-12 18:07:53,2025-03-13 17:09:27,2025-03-11 22:56:20,2025-03-11 22:56:20
842,72,45,112,IN_TRANSIT,2025-03-16 03:40:28,null,2025-03-11 18:01:33,2025-03-11 18:01:33
843,43,32,192,DELIVERED,null,2025-03-08 08:22:36,2025-03-08 04:37:30,2025-03-08 04:37:30
844,124,32,179,IN_TRANSIT,null,null,2025-03-05 09:13:05,2025-03-05 09:13:05
845,87,29,239,DELIVERED,2025-03-15 01:46:39,2025-03-13 04:40:27,2025-03-06 04:28:13,2025-03-06 04:28:13
846,118,23,284,PENDING,null,null,2025-03-12 09:22:15,2025-03-12 09:22:15
847,157,48,170,IN_TRANSIT,2025-03-17 16:05:38,null,2025-03-16 14:49:13,2025-03-16 14:49:13
848,93,4,188,DELIVERED,null,2025-03-11 21:13:05,2025-03-03 16:28:28,2025-03-03 16:28:28
849,8,33,55,DELIVERED,null,2025-03-15 01:07:14,2025-03-09 19:31:11,2025-03-09 19:31:11
850,85,1,43,IN_TRANSIT,null,null,2025-03-12 21:12:34,2025-03-12 21:12:34
851,83,44,172,DELIVERED,null,2025-03-04 12:07:42,2025-03-03 07:30:23,2025-03-03 07:30:23
852,14,23,227,DELIVERED,null,2025-03-15 17:26:53,2025-03-15 15:11:27,2025-03-15 15:11:27
853,121,46,206,IN_TRANSIT,null,null,2025-03-03 15:45:11,2025-03-03 15:45:11
854,165,5,212,PENDING,null,null,2025-03-07 18:18:50,2025-03-07 18:18:50
855,39,45,245,IN_TRANSIT,2025-03-15 05:57:47,null,2025-03-08 02:08:26,2025-03-08 02:08:26
856,141,18,282,IN_TRANSIT,2025-03-17 04:23:03,null,2025-03-15 06:40:04,2025-03-15 06:40:04
857,39,29,183,DELIVERED,null,2025-03-14 01:50:01,2025-03-08 15:00:34,2025-03-08 15:00:34
858,86,7,153,IN_TRANSIT,2025-03-17 18:36:57,null,2025-03-16 08:28:04,2025-03-16 08:28:04
859,135,7,151,DELIVERED,2025-03-13 14:58:17,2025-03-14 23:57:17,2025-03-12 11:55:52,2025-03-12 11:55:52
860,41,31,149,DELIVERED,null,2025-03-08 18:43:02,2025-03-05 10:38:20,2025-03-05 10:38:20
861,49,5,212,PENDING,2025-03-17 15:35:07,null,2025-03-17 14:54:43,2025-03-17 14:54:43
862,32,21,251,IN_TRANSIT,null,null,2025-03-07 17:18:02,2025-03-07 17:18:02
863,125,19,74,PENDING,null,null,2025-03-13 13:02:57,2025-03-13 13:02:57
864,70,12,222,PENDING,null,null,2025-03-13 12:13:49,2025-03-13 12:13:49
865,16,43,210,IN_TRANSIT,null,null,2025-03-17 16:01:56,2025-03-17 16:01:56
866,96,7,153,PENDING,null,null,2025-03-02 03:51:58,2025-03-02 03:51:58
867,14,20,241,PENDING,null,null,2025-03-07 17:11:36,2025-03-07 17:11:36
868,189,19,74,IN_TRANSIT,2025-03-16 09:06:12,null,2025-03-15 16:21:39,2025-03-15 16:21:39
869,75,29,21,PENDING,null,null,2025-03-02 18:18:52,2025-03-02 18:18:52
870,92,12,144,IN_TRANSIT,2025-03-17 11:54:11,null,2025-03-16 20:49:58,2025-03-16 20:49:58
871,190,3,4,DELIVERED,2025-03-12 11:50:25,2025-03-08 12:07:22,2025-03-06 19:07:46,2025-03-06 19:07:46
872,172,13,48,DELIVERED,null,2025-03-16 05:28:25,2025-03-05 13:17:24,2025-03-05 13:17:24
873,4,26,124,IN_TRANSIT,null,null,2025-03-07 16:07:27,2025-03-07 16:07:27
874,117,40,261,DELIVERED,2025-03-13 02:38:33,2025-03-11 10:41:56,2025-03-08 21:54:45,2025-03-08 21:54:45
875,14,30,169,DELIVERED,null,2025-03-13 05:42:04,2025-03-05 11:39:17,2025-03-05 11:39:17
876,193,13,76,PENDING,null,null,2025-03-04 00:38:35,2025-03-04 00:38:35
877,43,11,131,DELIVERED,null,2025-03-13 00:48:38,2025-03-07 10:02:44,2025-03-07 10:02:44
878,68,34,137,IN_TRANSIT,null,null,2025-03-07 12:23:30,2025-03-07 12:23:30
879,33,41,18,IN_TRANSIT,null,null,2025-03-10 20:07:06,2025-03-10 20:07:06
880,102,6,171,IN_TRANSIT,2025-03-11 12:21:57,null,2025-03-01 15:13:12,2025-03-01 15:13:12
881,64,20,241,IN_TRANSIT,2025-03-16 07:02:34,null,2025-03-12 23:40:36,2025-03-12 23:40:36
882,33,33,272,PENDING,null,null,2025-03-02 03:42:35,2025-03-02 03:42:35
883,13,46,206,PENDING,2025-03-16 18:23:17,null,2025-03-12 03:34:40,2025-03-12 03:34:40
884,25,30,23,DELIVERED,2025-03-11 19:59:08,2025-03-05 17:09:08,2025-03-03 16:52:24,2025-03-03 16:52:24
885,40,48,17,PENDING,2025-03-13 17:32:21,null,2025-03-06 13:43:46,2025-03-06 13:43:46
886,45,50,259,PENDING,null,null,2025-03-05 01:50:55,2025-03-05 01:50:55
887,192,5,253,DELIVERED,null,2025-03-14 10:19:57,2025-03-10 13:32:55,2025-03-10 13:32:55
888,4,6,8,PENDING,null,null,2025-03-06 10:24:17,2025-03-06 10:24:17
889,98,24,205,IN_TRANSIT,2025-03-08 12:39:02,null,2025-03-07 10:52:50,2025-03-07 10:52:50
890,139,35,24,DELIVERED,2025-03-14 21:31:31,2025-03-10 04:58:44,2025-03-09 07:02:11,2025-03-09 07:02:11
891,181,48,47,PENDING,null,null,2025-03-13 21:17:03,2025-03-13 21:17:03
892,78,30,100,DELIVERED,null,2025-03-16 03:19:32,2025-03-15 09:39:06,2025-03-15 09:39:06
893,168,16,38,DELIVERED,null,2025-03-17 16:32:51,2025-03-17 15:32:01,2025-03-17 15:32:01
894,103,45,165,PENDING,null,null,2025-03-17 03:40:06,2025-03-17 03:40:06
895,32,26,125,DELIVERED,null,2025-03-15 13:58:23,2025-03-14 15:10:35,2025-03-14 15:10:35
896,154,6,8,DELIVERED,null,2025-03-10 03:37:58,2025-03-10 02:38:24,2025-03-10 02:38:24
897,159,22,228,IN_TRANSIT,2025-03-16 05:33:32,null,2025-03-16 02:38:53,2025-03-16 02:38:53
898,82,48,82,DELIVERED,2025-03-16 11:28:54,2025-03-13 01:34:53,2025-03-12 14:24:30,2025-03-12 14:24:30
899,175,28,166,IN_TRANSIT,2025-03-14 03:30:12,null,2025-03-02 04:41:09,2025-03-02 04:41:09
900,33,9,60,DELIVERED,2025-03-17 13:48:54,2025-03-16 04:01:47,2025-03-14 17:17:22,2025-03-14 17:17:22
901,73,29,21,PENDING,null,null,2025-03-04 04:13:59,2025-03-04 04:13:59
902,192,21,251,DELIVERED,2025-03-16 18:45:02,2025-03-09 09:01:50,2025-03-08 14:10:08,2025-03-08 14:10:08
903,23,6,171,PENDING,null,null,2025-03-13 08:51:17,2025-03-13 08:51:17
904,86,29,54,IN_TRANSIT,2025-03-08 18:00:54,null,2025-03-08 15:52:47,2025-03-08 15:52:47
905,155,30,118,IN_TRANSIT,2025-03-12 21:53:00,null,2025-03-08 06:58:25,2025-03-08 06:58:25
906,2,9,60,PENDING,null,null,2025-03-10 04:16:14,2025-03-10 04:16:14
907,172,4,69,DELIVERED,null,2025-03-09 17:31:46,2025-03-02 23:56:00,2025-03-02 23:56:00
908,91,35,64,IN_TRANSIT,2025-03-17 15:14:49,null,2025-03-17 01:17:24,2025-03-17 01:17:24
909,62,16,286,PENDING,null,null,2025-03-06 19:39:11,2025-03-06 19:39:11
910,101,27,213,IN_TRANSIT,2025-03-13 03:35:44,null,2025-03-12 03:06:01,2025-03-12 03:06:01
911,134,2,266,PENDING,null,null,2025-03-08 07:39:14,2025-03-08 07:39:14
912,187,6,177,IN_TRANSIT,2025-03-10 14:38:43,null,2025-03-09 10:14:37,2025-03-09 10:14:37
913,103,20,226,PENDING,null,null,2025-03-07 09:08:51,2025-03-07 09:08:51
914,136,31,229,PENDING,null,null,2025-03-12 16:44:03,2025-03-12 16:44:03
915,177,31,149,IN_TRANSIT,2025-03-16 16:14:31,null,2025-03-15 17:25:31,2025-03-15 17:25:31
916,46,11,187,IN_TRANSIT,2025-03-16 07:20:23,null,2025-03-14 13:12:55,2025-03-14 13:12:55
917,170,16,214,DELIVERED,2025-03-16 09:35:31,2025-03-17 04:37:06,2025-03-05 16:53:55,2025-03-05 16:53:55
918,45,44,91,IN_TRANSIT,2025-03-13 05:18:34,null,2025-03-10 10:28:39,2025-03-10 10:28:39
919,197,21,251,DELIVERED,2025-03-11 11:06:00,2025-03-09 22:06:39,2025-03-07 10:19:48,2025-03-07 10:19:48
920,20,43,275,DELIVERED,2025-03-10 22:28:52,2025-03-10 13:33:24,2025-03-08 13:24:08,2025-03-08 13:24:08
921,180,50,292,PENDING,2025-03-16 02:19:19,null,2025-03-13 23:37:18,2025-03-13 23:37:18
922,78,9,14,IN_TRANSIT,2025-03-16 01:57:33,null,2025-03-13 05:51:17,2025-03-13 05:51:17
923,57,5,26,PENDING,2025-03-07 12:14:54,null,2025-03-06 20:46:30,2025-03-06 20:46:30
924,34,24,73,IN_TRANSIT,null,null,2025-03-05 09:24:57,2025-03-05 09:24:57
925,74,18,223,PENDING,2025-03-10 16:48:47,null,2025-03-04 22:50:24,2025-03-04 22:50:24
926,168,38,19,IN_TRANSIT,2025-03-15 08:20:41,null,2025-03-13 01:06:29,2025-03-13 01:06:29
927,176,14,102,DELIVERED,2025-03-17 05:51:30,2025-03-17 15:34:54,2025-03-15 18:47:36,2025-03-15 18:47:36
928,171,2,193,DELIVERED,2025-03-09 12:17:55,2025-03-17 11:50:20,2025-03-07 13:36:08,2025-03-07 13:36:08
929,8,23,202,PENDING,null,null,2025-03-17 18:37:15,2025-03-17 18:37:15
930,81,16,214,DELIVERED,null,2025-03-17 20:48:25,2025-03-17 20:21:41,2025-03-17 20:21:41
931,94,7,153,DELIVERED,2025-03-16 04:12:52,2025-03-11 05:55:47,2025-03-05 20:40:54,2025-03-05 20:40:54
932,44,24,73,PENDING,null,null,2025-03-14 05:45:40,2025-03-14 05:45:40
933,83,43,275,IN_TRANSIT,null,null,2025-03-12 12:06:06,2025-03-12 12:06:06
934,153,9,60,PENDING,null,null,2025-03-14 21:07:10,2025-03-14 21:07:10
935,51,8,123,IN_TRANSIT,2025-03-17 15:18:51,null,2025-03-16 22:35:04,2025-03-16 22:35:04
936,156,3,4,DELIVERED,null,2025-03-14 19:38:58,2025-03-09 12:17:52,2025-03-09 12:17:52
937,193,24,205,IN_TRANSIT,2025-03-17 05:23:40,null,2025-03-14 01:23:00,2025-03-14 01:23:00
938,65,29,54,DELIVERED,null,2025-03-03 14:15:48,2025-03-01 07:34:44,2025-03-01 07:34:44
939,158,43,12,PENDING,null,null,2025-03-09 15:05:39,2025-03-09 15:05:39
940,198,1,53,IN_TRANSIT,null,null,2025-03-03 00:38:32,2025-03-03 00:38:32
941,179,16,286,PENDING,2025-03-04 11:27:00,null,2025-03-02 08:22:50,2025-03-02 08:22:50
942,187,22,242,DELIVERED,2025-03-17 10:31:37,2025-03-16 20:40:22,2025-03-16 01:08:20,2025-03-16 01:08:20
943,24,12,215,PENDING,null,null,2025-03-05 12:08:03,2025-03-05 12:08:03
944,24,13,48,PENDING,2025-03-17 10:23:58,null,2025-03-13 19:25:29,2025-03-13 19:25:29
945,101,24,73,PENDING,2025-03-16 06:36:11,null,2025-03-14 19:20:32,2025-03-14 19:20:32
946,129,45,49,IN_TRANSIT,null,null,2025-03-08 06:36:15,2025-03-08 06:36:15
947,68,12,215,IN_TRANSIT,null,null,2025-03-17 11:32:57,2025-03-17 11:32:57
948,122,21,251,IN_TRANSIT,2025-03-13 06:37:10,null,2025-03-02 16:11:22,2025-03-02 16:11:22
949,26,23,128,PENDING,null,null,2025-03-05 05:48:50,2025-03-05 05:48:50
950,41,46,173,PENDING,null,null,2025-03-11 19:38:43,2025-03-11 19:38:43
951,186,3,108,DELIVERED,null,2025-03-09 18:12:34,2025-03-08 08:24:01,2025-03-08 08:24:01
952,200,48,41,IN_TRANSIT,null,null,2025-03-15 16:31:57,2025-03-15 16:31:57
953,152,7,153,DELIVERED,2025-03-11 14:30:23,2025-03-14 15:10:39,2025-03-09 20:28:19,2025-03-09 20:28:19
954,199,6,63,PENDING,null,null,2025-03-04 00:58:51,2025-03-04 00:58:51
955,148,21,251,DELIVERED,null,2025-03-16 01:29:48,2025-03-09 00:12:16,2025-03-09 00:12:16
956,11,30,155,DELIVERED,2025-03-14 09:43:00,2025-03-13 15:37:03,2025-03-10 18:37:35,2025-03-10 18:37:35
957,176,29,54,DELIVERED,null,2025-03-14 04:30:22,2025-03-09 17:00:02,2025-03-09 17:00:02
958,1,19,74,DELIVERED,null,2025-03-16 02:58:33,2025-03-14 18:40:20,2025-03-14 18:40:20
959,107,4,216,PENDING,null,null,2025-03-14 14:39:14,2025-03-14 14:39:14
960,146,43,246,PENDING,null,null,2025-03-05 01:43:42,2025-03-05 01:43:42
961,98,19,98,PENDING,null,null,2025-03-13 18:34:04,2025-03-13 18:34:04
962,18,45,264,IN_TRANSIT,null,null,2025-03-10 21:50:09,2025-03-10 21:50:09
963,144,16,270,IN_TRANSIT,2025-03-15 00:49:17,null,2025-03-14 02:56:30,2025-03-14 02:56:30
964,144,30,169,PENDING,null,null,2025-03-10 00:30:30,2025-03-10 00:30:30
965,174,26,52,PENDING,2025-03-13 05:44:25,null,2025-03-06 21:26:03,2025-03-06 21:26:03
966,114,48,67,IN_TRANSIT,2025-03-15 20:23:19,null,2025-03-02 12:42:02,2025-03-02 12:42:02
967,38,31,229,PENDING,2025-03-13 06:19:33,null,2025-03-09 01:23:39,2025-03-09 01:23:39
968,173,5,26,PENDING,null,null,2025-03-17 21:03:29,2025-03-17 21:03:29
969,120,1,201,IN_TRANSIT,null,null,2025-03-06 20:10:39,2025-03-06 20:10:39
970,103,31,287,IN_TRANSIT,2025-03-17 12:24:58,null,2025-03-15 07:55:10,2025-03-15 07:55:10
971,77,39,79,PENDING,null,null,2025-03-01 08:02:23,2025-03-01 08:02:23
972,118,17,81,IN_TRANSIT,2025-03-15 10:40:26,null,2025-03-10 08:45:10,2025-03-10 08:45:10
973,121,41,107,IN_TRANSIT,2025-03-03 23:20:45,null,2025-03-01 10:54:49,2025-03-01 10:54:49
974,173,49,130,DELIVERED,2025-03-12 19:57:46,2025-03-04 14:02:12,2025-03-03 12:55:58,2025-03-03 12:55:58
975,168,20,241,PENDING,null,null,2025-03-08 20:22:30,2025-03-08 20:22:30
976,6,4,114,DELIVERED,2025-03-16 18:45:39,2025-03-17 07:34:23,2025-03-14 14:44:04,2025-03-14 14:44:04
977,58,28,166,PENDING,2025-03-16 03:31:29,null,2025-03-07 02:31:41,2025-03-07 02:31:41
978,169,22,150,PENDING,null,null,2025-03-16 04:49:22,2025-03-16 04:49:22
979,31,11,235,DELIVERED,2025-03-16 09:11:58,2025-03-15 10:57:03,2025-03-14 17:03:17,2025-03-14 17:03:17
980,137,17,93,DELIVERED,2025-03-16 16:07:23,2025-03-13 18:47:29,2025-03-07 11:17:23,2025-03-07 11:17:23
981,131,17,93,IN_TRANSIT,null,null,2025-03-14 04:12:03,2025-03-14 04:12:03
982,67,40,261,DELIVERED,2025-03-16 05:16:10,2025-03-06 00:38:09,2025-03-05 00:49:51,2025-03-05 00:49:51
983,192,20,241,PENDING,2025-03-17 10:59:27,null,2025-03-15 18:00:41,2025-03-15 18:00:41
984,109,49,130,PENDING,null,null,2025-03-02 08:37:03,2025-03-02 08:37:03
985,147,42,87,PENDING,2025-03-13 21:25:59,null,2025-03-08 10:42:52,2025-03-08 10:42:52
986,171,9,60,DELIVERED,null,2025-03-12 22:13:36,2025-03-12 21:07:41,2025-03-12 21:07:41
987,23,42,32,IN_TRANSIT,2025-03-10 23:28:09,null,2025-03-05 20:20:42,2025-03-05 20:20:42
988,173,6,175,PENDING,2025-03-14 19:04:36,null,2025-03-14 18:39:54,2025-03-14 18:39:54
989,118,7,151,IN_TRANSIT,null,null,2025-03-16 15:58:27,2025-03-16 15:58:27
990,117,48,200,PENDING,null,null,2025-03-13 17:50:50,2025-03-13 17:50:50
991,17,45,49,PENDING,null,null,2025-03-14 17:03:11,2025-03-14 17:03:11
992,115,1,99,DELIVERED,2025-03-16 20:39:09,2025-03-13 00:43:39,2025-03-06 10:20:22,2025-03-06 10:20:22
993,20,16,38,DELIVERED,null,2025-03-10 12:24:22,2025-03-07 22:11:43,2025-03-07 22:11:43
994,103,19,36,IN_TRANSIT,null,null,2025-03-14 21:32:01,2025-03-14 21:32:01
995,148,25,243,PENDING,null,null,2025-03-08 18:08:15,2025-03-08 18:08:15
996,130,44,91,PENDING,null,null,2025-03-07 12:14:30,2025-03-07 12:14:30
997,69,42,203,IN_TRANSIT,null,null,2025-03-07 11:47:50,2025-03-07 11:47:50
998,195,18,254,PENDING,2025-03-16 05:34:48,null,2025-03-15 06:20:50,2025-03-15 06:20:50
999,139,27,104,PENDING,null,null,2025-03-13 13:42:37,2025-03-13 13:42:37
1000,40,2,197,PENDING,2025-03-12 15:55:25,null,2025-03-01 07:46:33,2025-03-01 07:46:33
