order_id,customer_id,paid_pg_amount,promotion_discount_amount,point_used_amount,coupon_discount_amount,paid_confirmed_at,created_at,updated_at
1,68,50.82,24.26,7.96,23.97,2025-03-09 21:26:16,2025-03-02 02:57:19,2025-03-02 02:57:19
2,68,129.38,11.58,1.04,12.69,2025-03-07 01:09:07,2025-03-06 00:22:30,2025-03-06 00:22:30
3,52,40.21,20.17,4.76,3.39,2025-03-17 16:18:50,2025-03-17 11:10:32,2025-03-17 11:10:32
4,36,227.34,46.37,2.29,1.68,2025-03-15 13:34:49,2025-03-14 08:06:29,2025-03-14 08:06:29
5,98,98.65,26.49,19.83,7.75,2025-03-17 19:48:29,2025-03-09 18:03:55,2025-03-09 18:03:55
6,32,415.97,38.79,11.94,27.95,2025-03-12 04:29:10,2025-03-07 17:47:12,2025-03-07 17:47:12
7,2,295.23,44.04,8.91,17.06,2025-03-15 21:48:12,2025-03-15 01:51:20,2025-03-15 01:51:20
8,74,139.97,13.23,0.95,3.31,2025-03-17 21:05:18,2025-03-17 20:31:45,2025-03-17 20:31:45
9,51,193.76,5.61,3.09,0.33,2025-03-17 19:53:10,2025-03-17 02:25:25,2025-03-17 02:25:25
10,68,212.33,13.33,13.33,26.62,2025-03-17 16:25:21,2025-03-02 18:42:20,2025-03-02 18:42:20
11,32,70.44,15.67,13.85,6.98,2025-03-14 12:55:15,2025-03-13 01:31:55,2025-03-13 01:31:55
12,53,44.72,39.22,6.12,12.54,2025-03-15 12:22:54,2025-03-05 07:19:18,2025-03-05 07:19:18
13,84,277.18,25.96,17.82,17.12,2025-03-17 06:49:30,2025-03-16 18:21:55,2025-03-16 18:21:55
14,57,325.65,37.38,5.49,4.2,2025-03-13 23:56:51,2025-03-09 21:06:29,2025-03-09 21:06:29
15,42,200.11,20.68,14.58,29.86,2025-03-12 12:35:50,2025-03-03 08:01:57,2025-03-03 08:01:57
16,20,168.76,11.33,18.85,22.36,2025-03-16 16:28:24,2025-03-16 08:41:22,2025-03-16 08:41:22
17,96,160.21,13.91,10.15,11.11,2025-03-14 23:34:12,2025-03-05 16:06:08,2025-03-05 16:06:08
18,12,78.98,34.63,8.64,25.56,2025-03-13 00:53:04,2025-03-08 14:54:50,2025-03-08 14:54:50
19,4,254.0,11.33,15.58,26.57,2025-03-12 17:34:16,2025-03-08 21:39:48,2025-03-08 21:39:48
20,90,258.19,47.85,4.23,8.8,2025-03-06 20:45:30,2025-03-06 09:13:49,2025-03-06 09:13:49
21,13,383.42,35.34,7.95,19.61,2025-03-16 14:42:59,2025-03-04 23:52:37,2025-03-04 23:52:37
22,9,411.41,9.69,18.16,18.66,2025-03-17 20:10:11,2025-03-08 09:17:18,2025-03-08 09:17:18
23,64,496.38,29.35,10.35,29.95,2025-03-13 23:04:03,2025-03-08 09:55:43,2025-03-08 09:55:43
24,36,498.71,21.67,2.27,15.91,2025-03-15 23:32:05,2025-03-12 18:24:31,2025-03-12 18:24:31
25,12,60.38,18.18,4.71,23.48,2025-03-15 21:58:49,2025-03-12 13:18:23,2025-03-12 13:18:23
26,6,424.4,35.32,11.31,15.9,2025-03-15 11:55:53,2025-03-01 01:30:55,2025-03-01 01:30:55
27,2,196.69,22.65,15.36,14.42,2025-03-07 20:16:33,2025-03-03 06:40:31,2025-03-03 06:40:31
28,74,220.47,44.13,15.68,18.34,2025-03-15 02:40:53,2025-03-07 18:29:04,2025-03-07 18:29:04
29,92,138.11,35.83,7.31,7.8,2025-03-14 00:18:40,2025-03-07 12:58:26,2025-03-07 12:58:26
30,87,248.59,30.14,12.33,3.06,2025-03-10 12:24:11,2025-03-06 08:23:25,2025-03-06 08:23:25
31,50,450.73,18.57,9.99,3.89,2025-03-16 03:46:15,2025-03-13 08:17:40,2025-03-13 08:17:40
32,64,85.28,46.16,11.19,19.95,2025-03-07 12:14:33,2025-03-04 18:56:38,2025-03-04 18:56:38
33,83,170.72,32.32,1.01,22.86,2025-03-12 21:45:44,2025-03-03 07:58:10,2025-03-03 07:58:10
34,50,442.4,0.07,0.32,1.72,2025-03-11 12:54:31,2025-03-06 19:18:37,2025-03-06 19:18:37
35,38,171.44,32.77,1.51,26.91,2025-03-16 21:09:18,2025-03-16 12:00:09,2025-03-16 12:00:09
36,95,294.55,8.99,19.71,19.42,2025-03-10 15:35:41,2025-03-09 21:22:17,2025-03-09 21:22:17
37,95,51.42,13.86,3.78,29.76,2025-03-14 17:02:21,2025-03-04 01:49:41,2025-03-04 01:49:41
38,30,299.9,2.9,0.12,25.91,2025-03-10 12:46:57,2025-03-09 07:27:53,2025-03-09 07:27:53
39,87,499.64,0.1,1.41,2.9,2025-03-16 19:36:50,2025-03-16 11:23:56,2025-03-16 11:23:56
40,55,491.31,48.38,16.57,24.36,2025-03-15 06:14:29,2025-03-14 03:49:08,2025-03-14 03:49:08
41,59,379.0,22.87,15.53,1.82,2025-03-07 21:54:49,2025-03-05 15:45:56,2025-03-05 15:45:56
42,70,392.55,35.31,4.72,3.74,2025-03-17 19:28:50,2025-03-17 03:18:19,2025-03-17 03:18:19
43,37,498.18,35.14,7.01,16.29,2025-03-11 08:02:15,2025-03-09 23:58:21,2025-03-09 23:58:21
44,61,272.75,35.75,11.88,10.58,2025-03-14 12:58:17,2025-03-09 09:18:59,2025-03-09 09:18:59
45,32,195.84,13.09,12.52,17.96,2025-03-11 15:51:29,2025-03-07 03:43:43,2025-03-07 03:43:43
46,47,455.6,22.34,0.35,26.91,2025-03-13 06:45:56,2025-03-05 09:44:29,2025-03-05 09:44:29
47,39,450.0,40.72,15.85,8.94,2025-03-08 22:40:42,2025-03-04 07:00:00,2025-03-04 07:00:00
48,63,185.18,20.44,4.58,19.6,2025-03-17 01:11:36,2025-03-14 00:25:42,2025-03-14 00:25:42
49,33,283.08,22.47,13.47,1.94,2025-03-16 12:42:34,2025-03-05 22:14:14,2025-03-05 22:14:14
50,72,204.19,35.56,8.26,28.65,2025-03-07 01:36:00,2025-03-01 13:02:06,2025-03-01 13:02:06
51,5,461.13,38.07,8.3,9.72,2025-03-17 17:45:55,2025-03-07 18:09:33,2025-03-07 18:09:33
52,51,415.04,3.4,12.73,23.12,2025-03-14 04:17:55,2025-03-13 15:33:11,2025-03-13 15:33:11
53,36,312.17,23.34,1.43,23.58,2025-03-15 23:31:37,2025-03-12 03:17:51,2025-03-12 03:17:51
54,19,168.25,3.41,1.15,17.13,2025-03-14 02:28:20,2025-03-06 09:47:10,2025-03-06 09:47:10
55,79,284.51,29.29,12.85,11.99,2025-03-17 12:50:50,2025-03-14 22:23:19,2025-03-14 22:23:19
56,35,79.27,34.35,9.42,2.35,2025-03-16 04:15:12,2025-03-08 00:43:58,2025-03-08 00:43:58
57,46,106.43,41.91,10.12,20.94,2025-03-11 10:48:56,2025-03-10 22:07:12,2025-03-10 22:07:12
58,85,100.58,9.71,14.07,29.17,2025-03-15 00:58:02,2025-03-07 20:45:20,2025-03-07 20:45:20
59,49,271.03,5.44,0.6,3.26,2025-03-16 01:34:30,2025-03-10 13:49:38,2025-03-10 13:49:38
60,79,296.7,34.58,19.76,0.82,2025-03-06 00:33:14,2025-03-05 21:17:38,2025-03-05 21:17:38
61,7,22.0,7.67,11.52,7.09,2025-03-07 02:18:27,2025-03-01 02:34:15,2025-03-01 02:34:15
62,28,338.37,2.9,2.61,25.77,2025-03-14 09:00:11,2025-03-06 12:45:24,2025-03-06 12:45:24
63,16,228.75,16.63,1.24,14.63,2025-03-07 15:39:39,2025-03-01 02:27:26,2025-03-01 02:27:26
64,96,37.03,47.08,17.89,22.63,2025-03-13 22:54:55,2025-03-13 21:53:01,2025-03-13 21:53:01
65,23,203.6,24.09,11.66,19.74,2025-03-17 16:13:13,2025-03-15 08:59:32,2025-03-15 08:59:32
66,46,69.41,38.64,3.82,12.93,2025-03-12 12:58:45,2025-03-12 00:10:45,2025-03-12 00:10:45
67,82,53.83,17.06,10.33,15.74,2025-03-14 17:31:05,2025-03-07 02:12:45,2025-03-07 02:12:45
68,30,335.78,38.48,14.13,11.81,2025-03-11 08:21:57,2025-03-09 19:21:52,2025-03-09 19:21:52
69,33,300.7,37.36,10.02,26.09,2025-03-17 04:22:46,2025-03-12 05:44:24,2025-03-12 05:44:24
70,35,235.01,31.35,4.12,14.41,2025-03-03 04:27:35,2025-03-02 14:24:08,2025-03-02 14:24:08
71,82,471.53,2.66,19.18,8.59,2025-03-07 04:26:54,2025-03-04 09:03:00,2025-03-04 09:03:00
72,51,365.72,30.57,12.23,13.13,2025-03-15 15:17:23,2025-03-14 13:51:20,2025-03-14 13:51:20
73,11,100.34,47.04,6.9,14.13,2025-03-14 23:18:53,2025-03-05 19:41:39,2025-03-05 19:41:39
74,84,112.28,41.06,0.56,14.03,2025-03-06 08:57:20,2025-03-06 07:21:51,2025-03-06 07:21:51
75,83,233.68,5.27,6.34,6.57,2025-03-15 18:39:01,2025-03-15 10:22:54,2025-03-15 10:22:54
76,33,94.4,10.57,0.37,29.07,2025-03-12 05:09:36,2025-03-10 07:42:27,2025-03-10 07:42:27
77,20,224.99,2.45,1.07,27.22,2025-03-09 21:59:54,2025-03-09 18:03:40,2025-03-09 18:03:40
78,69,174.08,35.38,18.81,4.13,2025-03-17 10:54:02,2025-03-16 21:03:44,2025-03-16 21:03:44
79,5,218.7,49.04,2.95,8.25,2025-03-17 08:57:25,2025-03-16 21:25:11,2025-03-16 21:25:11
80,87,329.57,6.04,18.4,10.69,2025-03-14 00:37:35,2025-03-05 07:22:12,2025-03-05 07:22:12
81,1,121.26,32.45,1.31,5.07,2025-03-13 20:52:22,2025-03-06 21:36:08,2025-03-06 21:36:08
82,80,128.68,3.98,18.15,22.71,2025-03-06 04:10:35,2025-03-04 11:16:54,2025-03-04 11:16:54
83,86,386.47,6.6,19.26,22.48,2025-03-10 00:08:18,2025-03-07 04:14:59,2025-03-07 04:14:59
84,66,89.58,47.45,17.51,26.83,2025-03-17 18:36:38,2025-03-17 17:58:29,2025-03-17 17:58:29
85,77,83.03,7.98,19.17,11.84,2025-03-11 09:10:04,2025-03-10 22:44:37,2025-03-10 22:44:37
86,18,402.82,31.5,18.16,23.05,2025-03-12 14:56:42,2025-03-08 14:13:46,2025-03-08 14:13:46
87,52,171.68,32.49,12.99,22.63,2025-03-09 17:26:54,2025-03-03 22:38:23,2025-03-03 22:38:23
88,100,22.65,1.94,1.63,0.3,2025-03-11 09:13:08,2025-03-05 14:29:22,2025-03-05 14:29:22
89,56,156.05,6.05,9.59,4.85,2025-03-06 02:22:27,2025-03-04 18:25:14,2025-03-04 18:25:14
90,47,468.19,16.07,14.3,7.59,2025-03-11 11:57:40,2025-03-09 04:17:52,2025-03-09 04:17:52
91,41,185.49,30.84,19.05,25.3,2025-03-16 12:44:55,2025-03-05 03:45:00,2025-03-05 03:45:00
92,67,24.8,19.3,1.65,9.95,2025-03-06 20:46:58,2025-03-03 22:44:55,2025-03-03 22:44:55
93,79,99.82,15.8,0.53,8.92,2025-03-12 20:20:46,2025-03-08 14:09:27,2025-03-08 14:09:27
94,44,134.61,18.8,10.15,13.37,2025-03-13 11:25:17,2025-03-05 22:34:11,2025-03-05 22:34:11
95,65,83.31,18.59,8.36,29.88,2025-03-14 16:26:08,2025-03-06 18:07:23,2025-03-06 18:07:23
96,29,493.12,2.47,19.2,20.98,2025-03-11 22:51:00,2025-03-11 13:01:35,2025-03-11 13:01:35
97,51,240.65,22.0,18.46,1.69,2025-03-07 04:10:14,2025-03-05 12:58:41,2025-03-05 12:58:41
98,67,241.08,18.89,7.53,23.21,2025-03-17 15:12:17,2025-03-09 23:56:16,2025-03-09 23:56:16
99,54,398.31,22.03,14.87,8.46,2025-03-10 10:51:35,2025-03-06 23:21:47,2025-03-06 23:21:47
100,48,387.71,47.9,13.46,28.66,2025-03-16 03:37:10,2025-03-12 02:59:01,2025-03-12 02:59:01
101,7,482.12,35.3,13.63,21.54,2025-03-06 14:11:07,2025-03-05 01:01:38,2025-03-05 01:01:38
102,10,377.36,48.8,18.16,10.17,2025-03-13 03:45:16,2025-03-11 06:14:35,2025-03-11 06:14:35
103,10,294.55,46.74,4.08,0.73,2025-03-15 10:56:06,2025-03-12 10:28:10,2025-03-12 10:28:10
104,9,333.45,14.45,18.7,2.14,2025-03-13 17:37:30,2025-03-02 08:30:51,2025-03-02 08:30:51
105,18,196.03,29.65,18.35,2.07,2025-03-08 04:54:22,2025-03-01 03:34:51,2025-03-01 03:34:51
106,29,252.4,37.07,8.11,23.75,2025-03-15 14:02:33,2025-03-09 21:11:19,2025-03-09 21:11:19
107,85,493.49,30.17,8.41,29.43,2025-03-15 00:02:45,2025-03-01 10:37:50,2025-03-01 10:37:50
108,79,314.89,10.46,18.89,19.11,2025-03-13 22:52:29,2025-03-09 02:43:59,2025-03-09 02:43:59
109,98,231.44,43.3,11.66,29.98,2025-03-16 03:58:45,2025-03-15 23:33:46,2025-03-15 23:33:46
110,20,485.75,4.79,16.38,14.24,2025-03-08 23:14:17,2025-03-01 10:12:46,2025-03-01 10:12:46
111,99,282.27,1.34,15.26,0.51,2025-03-09 06:49:48,2025-03-06 03:08:11,2025-03-06 03:08:11
112,38,30.19,34.11,18.44,24.6,2025-03-17 20:18:45,2025-03-17 12:19:36,2025-03-17 12:19:36
113,4,410.29,17.1,12.28,0.96,2025-03-15 17:58:45,2025-03-09 22:40:54,2025-03-09 22:40:54
114,44,27.27,6.3,19.25,19.35,2025-03-13 10:01:03,2025-03-12 12:14:57,2025-03-12 12:14:57
115,11,469.18,5.77,16.73,28.26,2025-03-09 00:44:15,2025-03-08 21:54:08,2025-03-08 21:54:08
116,98,29.41,15.21,19.24,7.39,2025-03-16 19:01:19,2025-03-06 10:57:31,2025-03-06 10:57:31
117,51,418.13,41.02,4.03,3.28,2025-03-06 14:45:13,2025-03-04 23:00:43,2025-03-04 23:00:43
118,3,178.55,28.76,17.97,19.42,2025-03-13 15:14:22,2025-03-10 22:23:32,2025-03-10 22:23:32
119,18,375.69,47.32,12.22,27.37,2025-03-10 16:26:39,2025-03-07 06:26:34,2025-03-07 06:26:34
120,9,455.34,37.18,0.22,23.03,2025-03-14 21:09:39,2025-03-14 19:57:57,2025-03-14 19:57:57
121,23,328.45,7.03,13.72,24.04,2025-03-16 21:33:29,2025-03-08 01:22:54,2025-03-08 01:22:54
122,39,435.38,3.11,6.36,10.47,2025-03-07 02:31:19,2025-03-06 21:57:03,2025-03-06 21:57:03
123,40,269.35,37.47,5.41,12.52,2025-03-16 09:34:14,2025-03-15 03:52:12,2025-03-15 03:52:12
124,42,48.43,10.19,7.25,13.47,2025-03-17 08:47:46,2025-03-17 08:07:11,2025-03-17 08:07:11
125,84,372.42,1.7,7.69,13.1,2025-03-16 09:05:24,2025-03-08 13:33:47,2025-03-08 13:33:47
126,15,197.87,23.58,2.75,7.8,2025-03-15 13:12:11,2025-03-09 06:12:11,2025-03-09 06:12:11
127,25,336.45,38.6,14.54,21.52,2025-03-16 14:50:05,2025-03-16 11:34:00,2025-03-16 11:34:00
128,61,60.04,27.07,12.6,6.59,2025-03-17 18:56:46,2025-03-13 08:25:13,2025-03-13 08:25:13
129,81,355.94,42.79,14.58,6.45,2025-03-16 11:45:34,2025-03-13 02:39:54,2025-03-13 02:39:54
130,90,312.61,17.87,18.57,11.63,2025-03-17 05:59:36,2025-03-14 07:57:39,2025-03-14 07:57:39
131,31,285.14,43.04,4.93,0.63,2025-03-16 00:35:08,2025-03-15 09:49:48,2025-03-15 09:49:48
132,68,57.31,20.2,17.62,0.68,2025-03-14 11:10:52,2025-03-11 19:31:50,2025-03-11 19:31:50
133,25,325.93,4.78,5.16,17.37,2025-03-16 22:30:53,2025-03-05 03:43:14,2025-03-05 03:43:14
134,9,360.19,12.15,9.08,13.05,2025-03-16 21:13:56,2025-03-13 07:59:53,2025-03-13 07:59:53
135,54,35.63,0.6,1.52,21.84,2025-03-15 14:44:43,2025-03-13 19:15:46,2025-03-13 19:15:46
136,28,225.33,45.49,18.86,25.7,2025-03-16 10:12:28,2025-03-16 02:33:30,2025-03-16 02:33:30
137,14,364.49,28.32,1.45,8.51,2025-03-08 20:00:08,2025-03-08 02:17:10,2025-03-08 02:17:10
138,13,61.66,23.81,3.39,0.86,2025-03-15 03:45:04,2025-03-06 10:02:03,2025-03-06 10:02:03
139,6,457.49,15.57,4.99,4.63,2025-03-16 19:06:50,2025-03-11 04:20:37,2025-03-11 04:20:37
140,7,164.79,14.91,18.09,27.83,2025-03-17 13:32:57,2025-03-17 06:50:19,2025-03-17 06:50:19
141,99,92.39,30.65,7.48,4.21,2025-03-14 23:37:39,2025-03-13 05:51:56,2025-03-13 05:51:56
142,40,258.75,49.8,0.74,1.45,2025-03-08 15:08:59,2025-03-05 14:35:12,2025-03-05 14:35:12
143,59,274.98,43.51,1.78,4.0,2025-03-13 05:07:49,2025-03-06 21:01:23,2025-03-06 21:01:23
144,12,237.45,18.06,7.12,25.95,2025-03-17 15:02:02,2025-03-16 10:53:01,2025-03-16 10:53:01
145,61,63.73,24.92,13.81,24.97,2025-03-08 16:07:09,2025-03-05 03:53:21,2025-03-05 03:53:21
146,4,348.66,36.49,19.61,2.25,2025-03-14 12:53:35,2025-03-11 06:50:38,2025-03-11 06:50:38
147,40,452.94,10.92,2.38,17.17,2025-03-16 02:40:33,2025-03-12 17:28:18,2025-03-12 17:28:18
148,13,133.4,1.59,6.8,26.55,2025-03-17 07:08:25,2025-03-17 06:05:54,2025-03-17 06:05:54
149,78,46.28,43.55,9.98,18.73,2025-03-06 16:26:49,2025-03-02 06:02:17,2025-03-02 06:02:17
150,41,177.93,39.23,11.57,10.65,2025-03-17 05:08:58,2025-03-12 07:01:32,2025-03-12 07:01:32
151,81,467.92,24.99,1.9,27.58,2025-03-12 19:26:23,2025-03-11 01:38:10,2025-03-11 01:38:10
152,30,246.29,23.26,15.12,28.84,2025-03-08 16:22:52,2025-03-04 18:15:42,2025-03-04 18:15:42
153,57,450.45,36.0,19.08,21.55,2025-03-15 13:58:04,2025-03-07 22:02:05,2025-03-07 22:02:05
154,22,400.84,25.3,7.62,13.39,2025-03-14 18:09:54,2025-03-13 18:19:38,2025-03-13 18:19:38
155,40,383.86,48.63,13.77,13.51,2025-03-06 13:24:17,2025-03-03 02:40:09,2025-03-03 02:40:09
156,44,102.39,4.94,9.79,7.33,2025-03-17 16:26:24,2025-03-03 09:21:40,2025-03-03 09:21:40
157,98,269.69,40.34,0.06,17.26,2025-03-08 00:38:09,2025-03-06 10:42:23,2025-03-06 10:42:23
158,98,72.18,45.28,5.84,12.39,2025-03-17 20:30:12,2025-03-16 15:48:54,2025-03-16 15:48:54
159,26,281.07,34.26,16.69,19.42,2025-03-10 01:28:53,2025-03-05 06:56:34,2025-03-05 06:56:34
160,92,302.05,40.23,16.9,5.81,2025-03-17 15:16:38,2025-03-17 12:44:16,2025-03-17 12:44:16
161,59,430.89,6.98,10.23,4.19,2025-03-10 03:28:29,2025-03-06 06:05:02,2025-03-06 06:05:02
162,7,441.64,2.27,18.52,6.27,2025-03-14 08:31:45,2025-03-01 23:48:15,2025-03-01 23:48:15
163,96,294.36,36.69,2.65,4.01,2025-03-16 13:10:46,2025-03-15 09:26:55,2025-03-15 09:26:55
164,93,214.39,2.82,3.24,0.88,2025-03-16 05:56:06,2025-03-12 08:16:15,2025-03-12 08:16:15
165,89,253.73,6.85,2.46,2.82,2025-03-17 08:51:31,2025-03-15 03:26:33,2025-03-15 03:26:33
166,41,291.6,37.6,16.39,1.69,2025-03-17 21:04:30,2025-03-17 19:52:47,2025-03-17 19:52:47
167,93,136.85,22.71,5.2,10.92,2025-03-17 08:46:49,2025-03-02 04:57:38,2025-03-02 04:57:38
168,56,216.64,17.91,6.87,16.58,2025-03-09 10:27:03,2025-03-01 13:51:08,2025-03-01 13:51:08
169,57,62.06,9.97,4.18,28.0,2025-03-12 15:23:48,2025-03-04 01:51:09,2025-03-04 01:51:09
170,64,470.12,42.5,6.24,15.3,2025-03-14 17:07:07,2025-03-12 23:34:23,2025-03-12 23:34:23
171,75,484.7,40.12,4.46,19.13,2025-03-13 04:23:34,2025-03-01 12:03:03,2025-03-01 12:03:03
172,47,208.01,11.36,6.95,5.54,2025-03-12 07:09:48,2025-03-07 13:32:55,2025-03-07 13:32:55
173,34,294.44,8.3,17.29,1.96,2025-03-14 20:54:20,2025-03-09 06:29:04,2025-03-09 06:29:04
174,33,276.33,0.43,7.08,26.54,2025-03-14 06:20:08,2025-03-14 03:21:31,2025-03-14 03:21:31
175,62,235.73,0.37,5.04,22.94,2025-03-10 00:58:31,2025-03-06 14:06:55,2025-03-06 14:06:55
176,76,186.91,19.9,2.78,3.58,2025-03-10 19:06:00,2025-03-02 11:37:31,2025-03-02 11:37:31
177,1,144.42,15.92,5.12,27.81,2025-03-17 10:12:47,2025-03-17 04:50:22,2025-03-17 04:50:22
178,51,173.06,21.15,9.18,18.76,2025-03-10 02:38:34,2025-03-06 21:15:34,2025-03-06 21:15:34
179,39,444.09,2.2,15.86,13.1,2025-03-14 18:23:57,2025-03-12 07:40:04,2025-03-12 07:40:04
180,54,117.73,34.53,19.41,4.62,2025-03-02 13:17:34,2025-03-01 14:27:11,2025-03-01 14:27:11
181,34,441.96,26.02,13.68,0.58,2025-03-17 19:59:55,2025-03-17 03:47:35,2025-03-17 03:47:35
182,67,180.3,18.06,19.54,1.9,2025-03-16 00:49:54,2025-03-13 22:53:17,2025-03-13 22:53:17
183,35,113.92,24.4,10.63,25.8,2025-03-16 13:51:46,2025-03-07 08:41:04,2025-03-07 08:41:04
184,94,396.26,13.62,8.95,14.45,2025-03-08 01:05:09,2025-03-05 21:51:42,2025-03-05 21:51:42
185,34,243.31,12.04,7.46,15.2,2025-03-04 23:11:39,2025-03-03 17:25:26,2025-03-03 17:25:26
186,8,267.81,10.52,10.73,25.76,2025-03-03 12:00:43,2025-03-03 07:20:01,2025-03-03 07:20:01
187,47,95.92,43.18,7.24,0.96,2025-03-09 01:12:50,2025-03-05 05:57:33,2025-03-05 05:57:33
188,98,436.2,9.81,19.36,10.0,2025-03-13 10:28:44,2025-03-05 15:47:50,2025-03-05 15:47:50
189,75,339.83,35.58,4.35,20.48,2025-03-09 07:10:11,2025-03-04 05:14:05,2025-03-04 05:14:05
190,90,194.08,7.13,15.32,19.29,2025-03-15 13:52:04,2025-03-12 14:11:18,2025-03-12 14:11:18
191,58,115.28,20.37,4.89,10.57,2025-03-17 03:23:19,2025-03-08 15:31:06,2025-03-08 15:31:06
192,68,48.27,45.93,3.22,29.31,2025-03-12 03:33:43,2025-03-02 16:36:54,2025-03-02 16:36:54
193,5,72.65,37.43,8.34,8.88,2025-03-10 02:12:36,2025-03-08 15:09:09,2025-03-08 15:09:09
194,61,21.69,10.69,16.5,0.49,2025-03-16 10:29:06,2025-03-14 01:28:51,2025-03-14 01:28:51
195,1,29.71,10.8,16.93,28.12,2025-03-10 03:11:29,2025-03-05 22:00:36,2025-03-05 22:00:36
196,78,189.68,18.01,18.55,15.53,2025-03-12 18:58:09,2025-03-12 05:17:08,2025-03-12 05:17:08
197,99,240.04,40.01,13.67,21.7,2025-03-16 11:53:53,2025-03-13 19:52:38,2025-03-13 19:52:38
198,56,456.86,0.01,17.83,27.12,2025-03-17 20:09:59,2025-03-16 20:03:44,2025-03-16 20:03:44
199,32,154.92,42.82,0.44,27.5,2025-03-05 18:30:32,2025-03-04 15:07:38,2025-03-04 15:07:38
200,70,102.45,10.66,15.86,28.67,2025-03-13 13:45:37,2025-03-08 16:04:56,2025-03-08 16:04:56
